targeted_productivity,smv,wip,over_time,incentive,idle_time,idle_men,no_of_style_change,no_of_workers,actual_productivity,quarter_Quarter2,quarter_Quarter3,quarter_Quarter4,quarter_Quarter5,department_finishing ,department_sweing,day_Saturday,day_Sunday,day_Thursday,day_Tuesday,day_Wednesday,output_per_worker,overtime_flag
0.8,26.16,1108.0,7080,98,0.0,0,0,59.0,0.940725424,0,0,0,0,0,1,0,0,1,0,0,47.2,1
0.75,3.94,1039.0,960,0,0.0,0,0,8.0,0.8865,0,0,0,0,1,0,0,0,1,0,0,6.0,1
0.8,11.41,968.0,3660,50,0.0,0,0,30.5,0.800570492,0,0,0,0,0,1,0,0,1,0,0,24.400000000000002,1
0.8,11.41,968.0,3660,50,0.0,0,0,30.5,0.800570492,0,0,0,0,0,1,0,0,1,0,0,24.400000000000002,1
0.8,25.9,1170.0,1920,50,0.0,0,0,56.0,0.800381944,0,0,0,0,0,1,0,0,1,0,0,44.800000000000004,1
0.8,25.9,984.0,6720,38,0.0,0,0,56.0,0.800125,0,0,0,0,0,1,0,0,1,0,0,44.800000000000004,1
0.75,3.94,1039.0,960,0,0.0,0,0,8.0,0.755166667,0,0,0,0,1,0,0,0,1,0,0,6.0,1
0.75,28.08,795.0,6900,45,0.0,0,0,57.5,0.753683478,0,0,0,0,0,1,0,0,1,0,0,43.125,1
0.75,19.87,733.0,6000,34,0.0,0,0,55.0,0.753097531,0,0,0,0,0,1,0,0,1,0,0,41.25,1
0.75,28.08,681.0,6900,45,0.0,0,0,57.5,0.750427826,0,0,0,0,0,1,0,0,1,0,0,43.125,1
0.7,28.08,872.0,6900,44,0.0,0,0,57.5,0.721126957,0,0,0,0,0,1,0,0,1,0,0,40.25,1
0.75,19.31,578.0,6480,45,0.0,0,0,54.0,0.712205247,0,0,0,0,0,1,0,0,1,0,0,40.5,1
0.8,11.41,668.0,3660,50,0.0,0,0,30.5,0.707045902,0,0,0,0,0,1,0,0,1,0,0,24.400000000000002,1
0.65,3.94,1039.0,960,0,0.0,0,0,8.0,0.705916667,0,0,0,0,1,0,0,0,1,0,0,5.2,1
0.75,2.9,1039.0,960,0,0.0,0,0,8.0,0.676666667,0,0,0,0,1,0,0,0,1,0,0,6.0,1
0.75,3.94,1039.0,2160,0,0.0,0,0,18.0,0.593055556,0,0,0,0,1,0,0,0,1,0,0,13.5,1
0.8,2.9,1039.0,960,0,0.0,0,0,8.0,0.540729167,0,0,0,0,1,0,0,0,1,0,0,6.4,1
0.65,23.69,861.0,7200,0,0.0,0,0,60.0,0.52118,0,0,0,0,0,1,0,0,1,0,0,39.0,1
0.7,4.15,1039.0,1440,0,0.0,0,0,12.0,0.436326389,0,0,0,0,0,0,0,0,1,0,0,8.399999999999999,1
0.8,4.15,1039.0,6600,0,0.0,0,0,20.0,0.988024691,0,0,0,0,1,0,1,0,0,0,0,16.0,1
0.75,2.9,1039.0,5640,0,0.0,0,0,17.0,0.987880435,0,0,0,0,1,0,1,0,0,0,0,12.75,1
0.8,4.15,1039.0,960,0,0.0,0,0,8.0,0.956270833,0,0,0,0,1,0,1,0,0,0,0,6.4,1
0.75,3.94,1039.0,1560,0,0.0,0,0,8.0,0.945277778,0,0,0,0,1,0,1,0,0,0,0,6.0,1
0.8,3.94,1039.0,960,0,0.0,0,0,8.0,0.902916667,0,0,0,0,1,0,1,0,0,0,0,6.4,1
0.8,28.08,772.0,6300,50,0.0,0,0,56.5,0.800725314,0,0,0,0,0,1,1,0,0,0,0,45.2,1
0.8,28.08,913.0,6540,50,0.0,0,0,54.5,0.800322936,0,0,0,0,0,1,1,0,0,0,0,43.6,1
0.8,26.16,1252.5,7080,50,0.0,0,0,59.0,0.800318644,0,0,0,0,0,1,1,0,0,0,0,47.2,1
0.8,26.16,844.0,7080,63,0.0,0,0,59.0,0.800318644,0,0,0,0,0,1,1,0,0,0,0,47.2,1
0.8,11.61,1005.0,7080,50,0.0,0,0,29.5,0.800237288,0,0,0,0,0,1,1,0,0,0,0,23.6,1
0.8,11.61,659.0,7080,50,0.0,0,0,31.5,0.800148649,0,0,0,0,0,1,1,0,0,0,0,25.200000000000003,1
0.8,25.9,1152.0,6720,50,0.0,0,0,56.0,0.800125,0,0,0,0,0,1,1,0,0,0,0,44.800000000000004,1
0.8,25.9,1138.0,6720,38,0.0,0,0,56.0,0.800125,0,0,0,0,0,1,1,0,0,0,0,44.800000000000004,1
0.75,19.31,610.0,6480,56,0.0,0,0,54.0,0.787299691,0,0,0,0,0,1,1,0,0,0,0,40.5,1
0.8,4.15,1039.0,960,0,0.0,0,0,8.0,0.782447917,0,0,0,0,1,0,1,0,0,0,0,6.4,1
0.75,19.87,944.0,6600,45,0.0,0,0,55.0,0.75024303,0,0,0,0,0,1,1,0,0,0,0,41.25,1
0.7,4.15,1039.0,960,0,0.0,0,0,8.0,0.7018125,0,0,0,0,1,0,1,0,0,0,0,5.6,1
0.7,23.69,544.0,13800,0,0.0,0,0,60.0,0.700134038,0,0,0,0,0,1,1,0,0,0,0,42.0,1
0.7,28.08,1072.0,6900,40,0.0,0,0,57.5,0.699965217,0,0,0,0,0,1,1,0,0,0,0,40.25,1
0.8,2.9,1039.0,960,0,0.0,0,0,8.0,0.628333333,0,0,0,0,1,0,1,0,0,0,0,6.4,1
0.8,3.94,1039.0,960,0,0.0,0,0,8.0,0.6253125,0,0,0,0,1,0,1,0,0,0,0,6.4,1
0.75,4.15,1039.0,1560,0,0.0,0,0,8.0,0.991388889,0,0,0,0,1,0,0,1,0,0,0,6.0,1
0.8,3.94,1039.0,960,0,0.0,0,0,8.0,0.931645833,0,0,0,0,1,0,0,1,0,0,0,6.4,1
0.8,3.94,1039.0,960,0,0.0,0,0,8.0,0.915229167,0,0,0,0,1,0,0,1,0,0,0,6.4,1
0.8,11.61,539.0,6975,50,0.0,0,0,31.0,0.879714482,0,0,0,0,0,1,0,1,0,0,0,24.8,1
0.8,3.94,1039.0,6600,0,0.0,0,0,20.0,0.861679012,0,0,0,0,1,0,0,1,0,0,0,16.0,1
0.8,26.16,1252.5,7080,60,0.0,0,0,59.0,0.850569492,0,0,0,0,0,1,0,1,0,0,0,47.2,1
0.8,25.9,1227.0,7020,60,0.0,0,0,56.5,0.850436438,0,0,0,0,0,1,0,1,0,0,0,45.2,1
0.8,25.9,1039.0,6780,45,0.0,0,0,56.5,0.850345133,0,0,0,0,0,1,0,1,0,0,0,45.2,1
0.8,28.08,878.0,4260,50,0.0,0,0,55.5,0.800598058,0,0,0,0,0,1,0,1,0,0,0,44.400000000000006,1
0.8,26.16,1033.0,7080,63,0.0,0,0,59.0,0.800318644,0,0,0,0,0,1,0,1,0,0,0,47.2,1
0.8,28.08,782.0,6660,50,0.0,0,0,55.5,0.800237838,0,0,0,0,0,1,0,1,0,0,0,44.400000000000006,1
0.8,11.61,1216.0,6975,50,0.0,0,0,31.0,0.800030199,0,0,0,0,0,1,0,1,0,0,0,24.8,1
0.8,3.94,1039.0,960,0,0.0,0,0,8.0,0.792104167,0,0,0,0,1,0,0,1,0,0,0,6.4,1
0.7,3.94,1039.0,4320,0,0.0,0,0,18.0,0.759228395,0,0,0,0,1,0,0,1,0,0,0,12.6,1
0.75,19.31,513.0,6480,45,0.0,0,0,54.0,0.750348457,0,0,0,0,0,1,0,1,0,0,0,40.5,1
0.75,19.87,734.0,6600,45,0.0,0,0,55.0,0.75024303,0,0,0,0,0,1,0,1,0,0,0,41.25,1
0.7,28.08,1202.0,6900,40,0.0,0,0,57.5,0.699965217,0,0,0,0,0,1,0,1,0,0,0,40.25,1
0.8,2.9,1039.0,960,0,0.0,0,0,8.0,0.682708333,0,0,0,0,1,0,0,1,0,0,0,6.4,1
0.8,2.9,1039.0,960,0,0.0,0,0,8.0,0.667604167,0,0,0,0,1,0,0,1,0,0,0,6.4,1
0.7,45.67,884.0,6960,26,0.0,0,0,58.0,0.603432184,0,0,0,0,0,1,0,1,0,0,0,40.599999999999994,1
0.75,4.15,1039.0,960,0,0.0,0,0,8.0,0.345833333,0,0,0,0,1,0,0,1,0,0,0,6.0,1
0.8,3.94,1039.0,1920,0,0.0,0,0,8.0,0.961059028,0,0,0,0,1,0,0,0,0,0,0,6.4,1
0.8,3.94,1039.0,2400,0,0.0,0,0,10.0,0.939513889,0,0,0,0,1,0,0,0,0,0,0,8.0,1
0.8,3.94,1039.0,3840,0,0.0,0,0,16.0,0.893663194,0,0,0,0,1,0,0,0,0,0,0,12.8,1
0.75,4.15,1039.0,1920,0,0.0,0,0,8.0,0.875390625,0,0,0,0,1,0,0,0,0,0,0,6.0,1
0.8,26.16,1227.0,7080,75,0.0,0,0,59.0,0.850569492,0,0,0,0,0,1,0,0,0,0,0,47.2,1
0.8,2.9,1039.0,1920,0,0.0,0,0,8.0,0.820833333,0,0,0,0,1,0,0,0,0,0,0,6.4,1
0.8,3.94,1039.0,960,0,0.0,0,0,8.0,0.804416667,0,0,0,0,1,0,0,0,0,0,0,6.4,1
0.8,25.9,1252.5,6780,50,0.0,0,0,56.5,0.800684366,0,0,0,0,0,1,0,0,0,0,0,45.2,1
0.8,25.9,1047.0,6780,38,0.0,0,0,56.5,0.800684366,0,0,0,0,0,1,0,0,0,0,0,45.2,1
0.8,26.16,1138.0,7080,63,0.0,0,0,59.0,0.800318644,0,0,0,0,0,1,0,0,0,0,0,47.2,1
0.8,19.31,678.0,4800,50,0.0,0,0,55.0,0.800250962,0,0,0,0,0,1,0,0,0,0,0,44.0,1
0.8,11.61,712.0,7200,50,0.0,0,0,32.0,0.800246011,0,0,0,0,0,1,0,0,0,0,0,25.6,1
0.8,11.61,1037.0,7200,50,0.0,0,0,32.0,0.800246011,0,0,0,0,0,1,0,0,0,0,0,25.6,1
0.8,28.08,757.0,6900,50,0.0,0,0,57.5,0.800076522,0,0,0,0,0,1,0,0,0,0,0,46.0,1
0.8,28.08,759.0,6900,50,0.0,0,0,57.5,0.800076522,0,0,0,0,0,1,0,0,0,0,0,46.0,1
0.75,2.9,1039.0,960,0,0.0,0,0,8.0,0.763375,0,0,0,0,1,0,0,0,0,0,0,6.0,1
0.6,2.9,1039.0,960,0,0.0,0,0,8.0,0.759270833,0,0,0,0,1,0,0,0,0,0,0,4.8,1
0.75,28.08,1083.0,7020,45,0.0,0,0,58.5,0.7504,0,0,0,0,0,1,0,0,0,0,0,43.875,1
0.75,19.87,944.0,6600,45,0.0,0,0,55.0,0.75024303,0,0,0,0,0,1,0,0,0,0,0,41.25,1
0.8,3.94,1039.0,960,0,0.0,0,0,8.0,0.676666667,0,0,0,0,1,0,0,0,0,0,0,6.4,1
0.8,2.9,1039.0,960,0,0.0,0,0,8.0,0.664583333,0,0,0,0,1,0,0,0,0,0,0,6.4,1
0.6,21.98,666.0,6960,23,0.0,0,0,58.0,0.600028736,0,0,0,0,0,1,0,0,0,0,0,34.8,1
0.8,3.94,1039.0,4440,0,0.0,0,0,18.0,0.966781346,0,0,0,0,1,0,0,0,0,1,0,14.4,1
0.8,3.94,1039.0,1440,0,0.0,0,0,8.0,0.936496212,0,0,0,0,1,0,0,0,0,1,0,6.4,1
0.75,4.15,1039.0,1800,0,0.0,0,0,10.0,0.899166667,0,0,0,0,1,0,0,0,0,1,0,7.5,1
0.8,4.15,1039.0,2700,0,0.0,0,0,15.0,0.888686869,0,0,0,0,1,0,0,0,0,1,0,12.0,1
0.8,3.94,1039.0,1440,0,0.0,0,0,8.0,0.858143939,0,0,0,0,1,0,0,0,0,1,0,6.4,1
0.8,26.16,1187.0,10620,75,0.0,0,0,59.0,0.850502311,0,0,0,0,0,1,0,0,0,1,0,47.2,1
0.8,26.16,1252.5,10620,75,0.0,0,0,59.0,0.850502311,0,0,0,0,0,1,0,0,0,1,0,47.2,1
0.75,3.94,1039.0,1440,0,0.0,0,0,8.0,0.809640152,0,0,0,0,1,0,0,0,0,1,0,6.0,1
0.8,3.94,1039.0,1440,0,0.0,0,0,8.0,0.805909091,0,0,0,0,1,0,0,0,0,1,0,6.4,1
0.8,28.08,716.0,10350,50,0.0,0,0,57.5,0.800594466,0,0,0,0,0,1,0,0,0,1,0,46.0,1
0.8,28.08,925.0,10350,50,0.0,0,0,57.5,0.800594466,0,0,0,0,0,1,0,0,0,1,0,46.0,1
0.8,19.87,963.0,9900,50,0.0,0,0,55.0,0.800273829,0,0,0,0,0,1,0,0,0,1,0,44.0,1
0.8,11.61,1101.0,5310,50,0.0,0,0,31.5,0.800140969,0,0,0,0,0,1,0,0,0,1,0,25.200000000000003,1
0.8,25.9,1035.0,10170,38,0.0,0,0,56.5,0.800128721,0,0,0,0,0,1,0,0,0,1,0,45.2,1
0.8,25.9,1083.0,10170,38,0.0,0,0,56.5,0.800128721,0,0,0,0,0,1,0,0,0,1,0,45.2,1
0.8,11.61,910.0,4470,38,0.0,0,0,31.5,0.80007657,0,0,0,0,0,1,0,0,0,1,0,25.200000000000003,1
0.75,28.08,1209.0,10530,45,0.0,0,0,58.5,0.750545455,0,0,0,0,0,1,0,0,0,1,0,43.875,1
0.75,19.31,590.0,9900,45,0.0,0,0,55.0,0.750057851,0,0,0,0,0,1,0,0,0,1,0,41.25,1
0.8,2.9,1039.0,1440,0,0.0,0,0,8.0,0.681060606,0,0,0,0,1,0,0,0,0,1,0,6.4,1
0.65,21.98,808.0,10440,35,0.0,0,0,58.0,0.649983281,0,0,0,0,0,1,0,0,0,1,0,37.7,1
0.8,2.9,1039.0,1440,0,0.0,0,0,8.0,0.61625,0,0,0,0,1,0,0,0,0,1,0,6.4,1
0.8,3.94,1039.0,1440,0,0.0,0,0,8.0,0.951420455,0,0,0,0,1,0,0,0,0,0,1,6.4,1
0.8,3.94,1039.0,1440,0,0.0,0,0,8.0,0.880530303,0,0,0,0,1,0,0,0,0,0,1,6.4,1
0.8,26.16,1179.0,10620,75,0.0,0,0,59.0,0.850502311,0,0,0,0,0,1,0,0,0,0,1,47.2,1
0.8,26.16,1252.5,10620,75,0.0,0,0,59.0,0.850502311,0,0,0,0,0,1,0,0,0,0,1,47.2,1
0.8,25.9,1135.0,10170,60,0.0,0,0,56.5,0.850136766,0,0,0,0,0,1,0,0,0,0,1,45.2,1
0.75,4.15,1039.0,2700,0,0.0,0,0,15.0,0.83,0,0,0,0,1,0,0,0,0,0,1,11.25,1
0.8,3.94,1039.0,4440,0,0.0,0,0,18.0,0.827186544,0,0,0,0,1,0,0,0,0,0,1,14.4,1
0.8,3.94,1039.0,1440,0,0.0,0,0,8.0,0.813371212,0,0,0,0,1,0,0,0,0,0,1,6.4,1
0.75,3.94,1039.0,1440,0,0.0,0,0,8.0,0.805909091,0,0,0,0,1,0,0,0,0,0,1,6.0,1
0.8,2.9,1039.0,1440,0,0.0,0,0,8.0,0.804640152,0,0,0,0,1,0,0,0,0,0,1,6.4,1
0.8,28.08,776.0,10350,63,0.0,0,0,57.5,0.800594466,0,0,0,0,0,1,0,0,0,0,1,46.0,1
0.8,28.08,990.0,10350,50,0.0,0,0,57.5,0.800594466,0,0,0,0,0,1,0,0,0,0,1,46.0,1
0.8,11.41,986.0,5490,50,0.0,0,0,30.5,0.800343766,0,0,0,0,0,1,0,0,0,0,1,24.400000000000002,1
0.8,19.87,924.0,9900,50,0.0,0,0,55.0,0.800273829,0,0,0,0,0,1,0,0,0,0,1,44.0,1
0.8,11.61,1120.0,5670,50,0.0,0,0,31.5,0.800246753,0,0,0,0,0,1,0,0,0,0,1,25.200000000000003,1
0.8,25.9,1066.0,10170,50,0.0,0,0,56.5,0.800128721,0,0,0,0,0,1,0,0,0,0,1,45.2,1
0.75,28.08,1144.0,10530,69,0.0,0,0,58.5,0.8,0,0,0,0,0,1,0,0,0,0,1,43.875,1
0.7,21.98,413.0,9720,40,0.0,0,0,58.0,0.700480831,0,0,0,0,0,1,0,0,0,0,1,40.599999999999994,1
0.8,2.9,1039.0,1440,0,0.0,0,0,8.0,0.681060606,0,0,0,0,1,0,0,0,0,0,1,6.4,1
0.8,2.9,1039.0,1800,0,0.0,0,0,10.0,0.666515152,0,0,0,0,1,0,0,0,0,0,1,8.0,1
0.8,31.83,568.0,9900,40,0.0,0,0,55.0,0.412119835,0,0,0,0,0,1,0,0,0,0,1,44.0,1
0.7,4.15,1039.0,1440,0,0.0,0,0,8.0,0.330113636,0,0,0,0,1,0,0,0,0,0,1,5.6,1
0.8,3.94,1039.0,1440,0,0.0,0,0,8.0,0.947689394,1,0,0,0,1,0,0,0,1,0,0,6.4,1
0.8,3.94,1039.0,12600,0,0.0,0,0,20.0,0.919905405,1,0,0,0,1,0,0,0,1,0,0,16.0,1
0.8,26.16,1216.0,10620,88,0.0,0,0,59.0,0.900215716,1,0,0,0,0,1,0,0,1,0,0,47.2,1
0.8,3.94,1039.0,1440,0,0.0,0,0,8.0,0.891723485,1,0,0,0,1,0,0,0,1,0,0,6.4,1
0.8,26.16,1189.0,10620,75,0.0,0,0,59.0,0.850502311,1,0,0,0,0,1,0,0,1,0,0,47.2,1
0.8,28.08,942.0,10530,75,0.0,0,0,58.5,0.850181818,1,0,0,0,0,1,0,0,1,0,0,46.800000000000004,1
0.8,25.9,1050.0,10170,60,0.0,0,0,56.5,0.850136766,1,0,0,0,0,1,0,0,1,0,0,45.2,1
0.8,25.9,1026.0,10170,60,0.0,0,0,56.5,0.850136766,1,0,0,0,0,1,0,0,1,0,0,45.2,1
0.8,3.94,1039.0,1440,0,0.0,0,0,8.0,0.835757576,1,0,0,0,1,0,0,0,1,0,0,6.4,1
0.7,4.15,1039.0,3840,0,0.0,0,0,8.0,0.821354167,1,0,0,0,1,0,0,0,1,0,0,5.6,1
0.8,28.08,783.0,10050,63,0.0,0,0,58.5,0.800497246,1,0,0,0,0,1,0,0,1,0,0,46.800000000000004,1
0.8,19.87,857.0,9900,50,0.0,0,0,55.0,0.800273829,1,0,0,0,0,1,0,0,1,0,0,44.0,1
0.8,11.61,548.0,15120,63,0.0,0,0,31.5,0.800107143,1,0,0,0,0,1,0,0,1,0,0,25.200000000000003,1
0.8,11.41,411.0,14640,50,0.0,0,0,30.5,0.800024932,1,0,0,0,0,1,0,0,1,0,0,24.400000000000002,1
0.75,28.08,1066.0,10530,69,0.0,0,0,58.5,0.8,1,0,0,0,0,1,0,0,1,0,0,43.875,1
0.75,3.94,1039.0,1440,0,0.0,0,0,8.0,0.779791667,1,0,0,0,1,0,0,0,1,0,0,6.0,1
0.8,2.9,1039.0,1440,0,0.0,0,0,8.0,0.735984848,1,0,0,0,1,0,0,0,1,0,0,6.4,1
0.75,4.15,1039.0,2160,0,0.0,0,0,12.0,0.712626263,1,0,0,0,1,0,0,0,1,0,0,9.0,1
0.8,2.9,1039.0,1440,0,0.0,0,0,8.0,0.681060606,1,0,0,0,1,0,0,0,1,0,0,6.4,1
0.8,4.15,1039.0,900,0,0.0,0,0,5.0,0.515606061,1,0,0,0,1,0,0,0,1,0,0,4.0,1
0.35,12.52,287.0,15240,38,0.0,0,0,54.0,0.349951389,1,0,0,0,0,1,0,0,1,0,0,18.9,1
0.7,42.41,724.0,10260,0,0.0,0,0,57.0,0.233705476,1,0,0,0,0,1,0,0,1,0,0,39.9,1
0.8,3.94,1039.0,2160,0,0.0,0,0,8.0,0.985,1,0,0,0,1,0,1,0,0,0,0,6.4,1
0.75,4.15,1039.0,2760,0,0.0,0,0,12.0,0.930340376,1,0,0,0,1,0,1,0,0,0,0,9.0,1
0.8,3.94,1039.0,6000,0,0.0,0,0,20.0,0.911589744,1,0,0,0,1,0,1,0,0,0,0,16.0,1
0.8,3.94,1039.0,1440,0,0.0,0,0,8.0,0.858143939,1,0,0,0,1,0,1,0,0,0,0,6.4,1
0.8,26.16,1122.0,10620,75,0.0,0,0,59.0,0.851174114,1,0,0,0,0,1,1,0,0,0,0,47.2,1
0.8,25.9,970.0,10170,60,0.0,0,0,56.5,0.850136766,1,0,0,0,0,1,1,0,0,0,0,45.2,1
0.8,25.9,1158.0,10170,60,0.0,0,0,56.5,0.850136766,1,0,0,0,0,1,1,0,0,0,0,45.2,1
0.8,3.94,1039.0,1440,0,0.0,0,0,8.0,0.846950758,1,0,0,0,1,0,1,0,0,0,0,6.4,1
0.8,4.15,1039.0,1440,0,0.0,0,0,8.0,0.817424242,1,0,0,0,1,0,1,0,0,0,0,6.4,1
0.8,3.94,1039.0,1440,0,0.0,0,0,8.0,0.817102273,1,0,0,0,1,0,1,0,0,0,0,6.4,1
0.8,28.08,660.0,10440,63,0.0,0,0,58.0,0.801028213,1,0,0,0,0,1,1,0,0,0,0,46.400000000000006,1
0.8,28.08,749.0,10350,63,0.0,0,0,57.5,0.800594466,1,0,0,0,0,1,1,0,0,0,0,46.0,1
0.8,11.61,893.0,4710,50,0.0,0,0,31.5,0.800346445,1,0,0,0,0,1,1,0,0,0,0,25.200000000000003,1
0.8,11.41,887.0,5490,50,0.0,0,0,30.5,0.800343766,1,0,0,0,0,1,1,0,0,0,0,24.400000000000002,1
0.8,26.16,1252.5,10620,63,0.0,0,0,59.0,0.800117103,1,0,0,0,0,1,1,0,0,0,0,47.2,1
0.8,28.08,1082.0,10530,63,0.0,0,0,58.5,0.8,1,0,0,0,0,1,1,0,0,0,0,46.800000000000004,1
0.75,19.87,1075.0,7080,45,0.0,0,0,56.0,0.750098351,1,0,0,0,0,1,1,0,0,0,0,42.0,1
0.5,12.52,749.0,9540,38,0.0,0,0,53.0,0.673245283,1,0,0,0,0,1,1,0,0,0,0,26.5,1
0.8,2.9,1039.0,1440,0,0.0,0,0,8.0,0.670075758,1,0,0,0,1,0,1,0,0,0,0,6.4,1
0.8,2.9,1039.0,1440,0,0.0,0,0,8.0,0.628882576,1,0,0,0,1,0,1,0,0,0,0,6.4,1
0.5,20.79,966.0,7680,0,0.0,0,0,56.0,0.388007813,1,0,0,0,0,1,1,0,0,0,0,28.0,1
0.5,4.15,1039.0,1440,0,0.0,0,0,8.0,0.337973485,1,0,0,0,1,0,1,0,0,0,0,4.0,1
0.75,4.15,1039.0,1440,0,0.0,0,0,8.0,0.93532197,1,0,0,0,1,0,0,1,0,0,0,6.0,1
0.8,3.94,1039.0,3600,0,0.0,0,0,20.0,0.925643939,1,0,0,0,1,0,0,1,0,0,0,16.0,1
0.8,26.16,1095.0,10620,88,0.0,0,0,59.0,0.900215716,1,0,0,0,0,1,0,1,0,0,0,47.2,1
0.8,3.94,1039.0,1440,0,0.0,0,0,8.0,0.873068182,1,0,0,0,1,0,0,1,0,0,0,6.4,1
0.8,3.94,1039.0,1440,0,0.0,0,0,8.0,0.858143939,1,0,0,0,1,0,0,1,0,0,0,6.4,1
0.8,26.16,1252.5,10620,75,0.0,0,0,59.0,0.850502311,1,0,0,0,0,1,0,1,0,0,0,47.2,1
0.8,25.9,1012.0,10170,45,0.0,0,0,56.5,0.850136766,1,0,0,0,0,1,0,1,0,0,0,45.2,1
0.8,25.9,1209.0,10170,60,0.0,0,0,56.5,0.850136766,1,0,0,0,0,1,0,1,0,0,0,45.2,1
0.8,3.94,1039.0,1440,0,0.0,0,0,8.0,0.828295455,1,0,0,0,1,0,0,1,0,0,0,6.4,1
0.8,3.94,1039.0,1440,0,0.0,0,0,8.0,0.820833333,1,0,0,0,1,0,0,1,0,0,0,6.4,1
0.8,11.41,887.0,5490,50,0.0,0,0,30.5,0.800343766,1,0,0,0,0,1,0,1,0,0,0,24.400000000000002,1
0.8,11.61,896.0,5670,50,0.0,0,0,31.5,0.800246753,1,0,0,0,0,1,0,1,0,0,0,25.200000000000003,1
0.8,28.08,805.0,10530,63,0.0,0,0,58.5,0.8,1,0,0,0,0,1,0,1,0,0,0,46.800000000000004,1
0.8,28.08,762.0,10530,38,0.0,0,0,58.5,0.8,1,0,0,0,0,1,0,1,0,0,0,46.800000000000004,1
0.8,19.87,1043.0,6420,0,0.0,0,0,55.0,0.690182815,1,0,0,0,0,1,0,1,0,0,0,44.0,1
0.8,4.15,1039.0,1440,0,0.0,0,0,8.0,0.668087121,1,0,0,0,1,0,0,1,0,0,0,6.4,1
0.8,2.9,1039.0,1440,0,0.0,0,0,8.0,0.653598485,1,0,0,0,1,0,0,1,0,0,0,6.4,1
0.5,4.15,1039.0,1440,0,0.0,0,0,8.0,0.609138258,1,0,0,0,1,0,0,1,0,0,0,4.0,1
0.6,12.52,831.0,9540,30,0.0,0,0,53.0,0.600229846,1,0,0,0,0,1,0,1,0,0,0,31.799999999999997,1
0.8,2.9,1039.0,1440,0,0.0,0,0,8.0,0.597348485,1,0,0,0,1,0,0,1,0,0,0,6.4,1
0.8,2.9,1039.0,1440,0,0.0,0,0,8.0,0.590435606,1,0,0,0,1,0,0,1,0,0,0,6.4,1
0.8,50.48,562.0,10440,0,0.0,0,0,58.0,0.473134796,1,0,0,0,0,1,0,1,0,0,0,46.400000000000006,1
0.6,20.79,1208.0,7980,0,0.0,0,0,57.0,0.452979626,1,0,0,0,0,1,0,1,0,0,0,34.199999999999996,1
0.8,3.94,1039.0,1440,0,0.0,0,0,8.0,0.955151515,1,0,0,0,1,0,0,0,0,0,0,6.4,1
0.35,4.3,1039.0,3240,0,0.0,0,0,18.0,0.942213805,1,0,0,0,1,0,0,0,0,0,0,6.3,1
0.8,4.15,1039.0,1800,0,0.0,0,0,10.0,0.905454545,1,0,0,0,1,0,0,0,0,0,0,8.0,1
0.8,3.94,1039.0,1440,0,0.0,0,0,8.0,0.880530303,1,0,0,0,1,0,0,0,0,0,0,6.4,1
0.8,3.94,1039.0,1440,0,0.0,0,0,8.0,0.858143939,1,0,0,0,1,0,0,0,0,0,0,6.4,1
0.8,26.16,1099.0,8220,75,0.0,0,0,59.0,0.850522167,1,0,0,0,0,1,0,0,0,0,0,47.2,1
0.8,26.16,1093.0,10620,75,0.0,0,0,59.0,0.850502311,1,0,0,0,0,1,0,0,0,0,0,47.2,1
0.8,25.9,1031.0,10170,60,0.0,0,0,56.5,0.850136766,1,0,0,0,0,1,0,0,0,0,0,45.2,1
0.8,25.9,1233.0,10170,60,0.0,0,0,56.5,0.850136766,1,0,0,0,0,1,0,0,0,0,0,45.2,1
0.8,2.9,1039.0,1440,0,0.0,0,0,8.0,0.817424242,1,0,0,0,1,0,0,0,0,0,0,6.4,1
0.65,4.15,1039.0,1440,0,0.0,0,0,8.0,0.809564394,1,0,0,0,1,0,0,0,0,0,0,5.2,1
0.8,19.87,941.0,9900,0,0.0,0,0,55.0,0.800273829,1,0,0,0,0,1,0,0,0,0,0,44.0,1
0.8,11.41,843.0,5670,50,0.0,0,0,31.5,0.800181818,1,0,0,0,0,1,0,0,0,0,0,25.200000000000003,1
0.8,11.61,760.0,4470,50,0.0,0,0,31.5,0.80007657,1,0,0,0,0,1,0,0,0,0,0,25.200000000000003,1
0.8,28.08,737.0,10530,63,0.0,0,0,58.5,0.8,1,0,0,0,0,1,0,0,0,0,0,46.800000000000004,1
0.8,2.9,1039.0,1440,0,0.0,0,0,8.0,0.725,1,0,0,0,1,0,0,0,0,0,0,6.4,1
0.8,50.48,381.0,6930,45,0.0,0,0,58.5,0.688557555,1,0,0,0,0,1,0,0,0,0,0,46.800000000000004,1
0.65,20.79,1141.0,8460,0,0.0,0,0,59.0,0.650040783,1,0,0,0,0,1,0,0,0,0,0,38.35,1
0.65,12.52,1004.0,9540,44,0.0,0,0,53.0,0.64998056,1,0,0,0,0,1,0,0,0,0,0,34.45,1
0.8,2.9,1039.0,1440,0,0.0,0,0,8.0,0.648106061,1,0,0,0,1,0,0,0,0,0,0,6.4,1
0.8,4.15,1039.0,1440,0,0.0,0,0,8.0,0.640577652,1,0,0,0,1,0,0,0,0,0,0,6.4,1
0.35,22.4,581.0,7350,0,0.0,0,0,51.5,0.35063299,1,0,0,0,0,1,0,0,0,0,0,18.025,1
0.8,3.94,1039.0,1440,0,0.0,0,0,8.0,0.24625,1,0,0,0,1,0,0,0,0,0,0,6.4,1
0.35,4.3,1039.0,2160,0,0.0,0,0,12.0,0.952020202,1,0,0,0,1,0,0,0,0,1,0,4.199999999999999,1
0.8,3.94,1039.0,1440,0,0.0,0,0,2.0,0.951420455,1,0,0,0,1,0,0,0,0,1,0,1.6,1
0.8,3.94,1039.0,5400,0,0.0,0,0,20.0,0.912766667,1,0,0,0,1,0,0,0,0,1,0,16.0,1
0.8,4.15,1039.0,1620,0,0.0,0,0,9.0,0.901262626,1,0,0,0,1,0,0,0,0,1,0,7.2,1
0.8,3.94,1039.0,1440,0,0.0,0,0,8.0,0.858143939,1,0,0,0,1,0,0,0,0,1,0,6.4,1
0.8,26.16,1073.0,10620,75,0.0,0,0,59.0,0.850502311,1,0,0,0,0,1,0,0,0,1,0,47.2,1
0.8,26.16,1156.0,10620,75,0.0,0,0,59.0,0.850502311,1,0,0,0,0,1,0,0,0,1,0,47.2,1
0.8,25.9,1211.0,10260,60,0.0,0,0,57.0,0.850252525,1,0,0,0,0,1,0,0,0,1,0,45.6,1
0.8,25.9,1126.0,10170,60,0.0,0,0,56.5,0.850136766,1,0,0,0,0,1,0,0,0,1,0,45.2,1
0.65,4.15,1039.0,1440,0,0.0,0,0,8.0,0.821354167,1,0,0,0,1,0,0,0,0,1,0,5.2,1
0.8,3.94,1039.0,1440,0,0.0,0,0,8.0,0.805909091,1,0,0,0,1,0,0,0,0,1,0,6.4,1
0.8,11.61,1004.0,5670,50,0.0,0,0,31.5,0.800246753,1,0,0,0,0,1,0,0,0,1,0,25.200000000000003,1
0.8,11.61,1063.0,5670,50,0.0,0,0,31.5,0.800246753,1,0,0,0,0,1,0,0,0,1,0,25.200000000000003,1
0.8,28.08,723.0,10530,50,0.0,0,0,58.5,0.8,1,0,0,0,0,1,0,0,0,1,0,46.800000000000004,1
0.8,42.27,465.0,9900,54,0.0,0,0,55.0,0.705576584,1,0,0,0,0,1,0,0,0,1,0,44.0,1
0.8,2.9,1039.0,1440,0,0.0,0,0,8.0,0.681060606,1,0,0,0,1,0,0,0,0,1,0,6.4,1
0.8,2.9,1039.0,1440,0,0.0,0,0,8.0,0.670075758,1,0,0,0,1,0,0,0,0,1,0,6.4,1
0.8,4.15,1039.0,1440,0,0.0,0,0,8.0,0.601278409,1,0,0,0,1,0,0,0,0,1,0,6.4,1
0.7,27.13,530.0,9540,37,0.0,0,0,53.0,0.582301029,1,0,0,0,0,1,0,0,0,1,0,37.099999999999994,1
0.7,20.79,1252.5,10440,0,0.0,0,0,58.0,0.526810345,1,0,0,0,0,1,0,0,0,1,0,40.599999999999994,1
0.5,22.4,783.0,10170,23,0.0,0,0,56.5,0.500380799,1,0,0,0,0,1,0,0,0,1,0,28.25,1
0.35,22.4,715.0,10170,23,0.0,0,0,56.5,0.35020649,1,0,0,0,0,1,0,0,0,1,0,19.775,1
0.8,4.15,1039.0,1980,0,0.0,0,0,7.0,0.934607438,1,0,0,0,1,0,0,0,0,0,1,5.6000000000000005,1
0.35,4.3,1039.0,2700,0,0.0,0,0,8.0,0.908080808,1,0,0,0,1,0,0,0,0,0,1,2.8,1
0.8,25.9,1150.0,10170,70,0.0,0,0,56.5,0.900144811,1,0,0,0,0,1,0,0,0,0,1,45.2,1
0.8,3.94,1039.0,1440,0,0.0,0,0,8.0,0.891723485,1,0,0,0,1,0,0,0,0,0,1,6.4,1
0.65,4.15,1039.0,1440,0,0.0,0,0,15.0,0.864583333,1,0,0,0,1,0,0,0,0,0,1,9.75,1
0.8,3.94,1039.0,1440,0,0.0,0,0,8.0,0.858143939,1,0,0,0,1,0,0,0,0,0,1,6.4,1
0.8,26.16,1232.0,10620,75,0.0,0,0,59.0,0.850502311,1,0,0,0,0,1,0,0,0,0,1,47.2,1
0.8,25.9,1218.0,10170,60,0.0,0,0,56.5,0.850136766,1,0,0,0,0,1,0,0,0,0,1,45.2,1
0.8,2.9,1039.0,1440,0,0.0,0,0,8.0,0.837594697,1,0,0,0,1,0,0,0,0,0,1,6.4,1
0.8,4.15,1039.0,1440,0,0.0,0,0,7.0,0.820833333,1,0,0,0,1,0,0,0,0,0,1,5.6000000000000005,1
0.8,11.61,1159.0,2970,50,0.0,0,0,31.5,0.800313433,1,0,0,0,0,1,0,0,0,0,1,25.200000000000003,1
0.8,11.61,972.0,5670,38,0.0,0,0,31.5,0.800246753,1,0,0,0,0,1,0,0,0,0,1,25.200000000000003,1
0.8,26.16,1092.0,10620,63,0.0,0,0,59.0,0.800117103,1,0,0,0,0,1,0,0,0,0,1,47.2,1
0.7,20.79,965.0,7320,0,0.0,0,0,58.0,0.700095563,1,0,0,0,0,1,0,0,0,0,1,40.599999999999994,1
0.8,2.9,1039.0,1440,0,0.0,0,0,8.0,0.667329545,1,0,0,0,1,0,0,0,0,0,1,6.4,1
0.6,22.4,816.0,5100,23,0.0,0,0,57.0,0.600369686,1,0,0,0,0,1,0,0,0,0,1,34.199999999999996,1
0.5,22.4,947.0,3390,23,0.0,0,0,56.5,0.499980334,1,0,0,0,0,1,0,0,0,0,1,28.25,1
0.35,14.61,838.0,7200,23,0.0,0,0,55.0,0.35003125,1,0,0,0,0,1,0,0,0,0,1,19.25,1
0.8,3.94,1039.0,1260,0,0.0,0,0,8.0,0.332359307,1,0,0,0,1,0,0,0,0,0,1,6.4,1
0.8,51.02,1086.0,4260,27,0.0,0,0,57.0,0.311207464,1,0,0,0,0,1,0,0,0,0,1,45.6,1
0.8,3.94,1039.0,1260,0,0.0,0,0,8.0,0.247316017,1,0,0,0,1,0,0,0,0,0,1,6.4,1
0.35,4.3,1039.0,3600,0,0.0,0,0,20.0,0.988636364,0,1,0,0,1,0,0,0,1,0,0,7.0,1
0.8,3.94,1039.0,3420,0,0.0,0,0,19.0,0.953110048,0,1,0,0,1,0,0,0,1,0,0,15.200000000000001,1
0.8,3.94,1039.0,1440,0,0.0,0,0,8.0,0.884261364,0,1,0,0,1,0,0,0,1,0,0,6.4,1
0.65,4.15,1039.0,1440,0,0.0,0,0,8.0,0.860653409,0,1,0,0,1,0,0,0,1,0,0,5.2,1
0.8,3.94,1039.0,1440,0,0.0,0,0,8.0,0.858143939,0,1,0,0,1,0,0,0,1,0,0,6.4,1
0.8,26.16,1160.0,10620,75,0.0,0,0,59.0,0.850502311,0,1,0,0,0,1,0,0,1,0,0,47.2,1
0.8,25.9,1177.0,8970,60,0.0,0,0,56.5,0.850415628,0,1,0,0,0,1,0,0,1,0,0,45.2,1
0.8,25.9,1252.5,10170,60,0.0,0,0,56.5,0.850136766,0,1,0,0,0,1,0,0,1,0,0,45.2,1
0.8,26.16,1252.5,10620,63,0.0,0,0,59.0,0.800117103,0,1,0,0,0,1,0,0,1,0,0,47.2,1
0.8,11.61,1084.0,4950,38,0.0,0,0,31.5,0.80003139,0,1,0,0,0,1,0,0,1,0,0,25.200000000000003,1
0.8,11.61,1216.0,4950,50,0.0,0,0,31.5,0.80003139,0,1,0,0,0,1,0,0,1,0,0,25.200000000000003,1
0.7,20.79,391.0,10440,0,0.0,0,0,58.0,0.700060345,0,1,0,0,0,1,0,0,1,0,0,40.599999999999994,1
0.8,2.9,1039.0,1440,0,0.0,0,0,8.0,0.689299242,0,1,0,0,1,0,0,0,1,0,0,6.4,1
0.5,22.52,1102.0,10170,30,0.0,0,0,56.5,0.660683293,0,1,0,0,0,1,0,0,1,0,0,28.25,1
0.65,22.52,872.0,10080,26,0.0,0,0,56.0,0.650130952,0,1,0,0,0,1,0,0,1,0,0,36.4,1
0.8,2.9,1039.0,1440,0,0.0,0,0,8.0,0.606912879,0,1,0,0,1,0,0,0,1,0,0,6.4,1
0.6,22.52,1076.0,10170,23,0.0,0,0,56.5,0.600291767,0,1,0,0,0,1,0,0,1,0,0,33.9,1
0.5,14.89,917.0,9900,30,0.0,0,0,55.0,0.500025069,0,1,0,0,0,1,0,0,1,0,0,27.5,1
0.5,22.94,1044.0,9810,23,0.0,0,0,54.5,0.499998888,0,1,0,0,0,1,0,0,1,0,0,27.25,1
0.65,4.15,1039.0,2700,0,0.0,0,0,15.0,0.98719697,0,1,0,0,1,0,1,0,0,0,0,9.75,1
0.8,3.94,1039.0,1800,0,0.0,0,0,10.0,0.980909091,0,1,0,0,1,0,1,0,0,0,0,8.0,1
0.8,3.94,1039.0,1440,0,0.0,0,0,8.0,0.974621212,0,1,0,0,1,0,1,0,0,0,0,6.4,1
0.8,3.94,1039.0,1440,0,0.0,0,0,8.0,0.884261364,0,1,0,0,1,0,1,0,0,0,0,6.4,1
0.8,3.94,1039.0,1800,0,0.0,0,0,10.0,0.82680303,0,1,0,0,1,0,1,0,0,0,0,8.0,1
0.8,11.41,1067.0,5490,63,0.0,0,0,30.5,0.800343766,0,1,0,0,0,1,1,0,0,0,0,24.400000000000002,1
0.8,11.61,1039.0,5670,63,0.0,0,0,31.5,0.800246753,0,1,0,0,0,1,1,0,0,0,0,25.200000000000003,1
0.8,25.9,1252.5,10170,50,0.0,0,0,56.5,0.800128721,0,1,0,0,0,1,1,0,0,0,0,45.2,1
0.8,25.9,1252.5,10170,50,0.0,0,0,56.5,0.800128721,0,1,0,0,0,1,1,0,0,0,0,45.2,1
0.8,48.68,171.0,10620,63,0.0,0,0,59.0,0.800117103,0,1,0,0,0,1,1,0,0,0,0,47.2,1
0.8,26.16,1128.0,10620,63,0.0,0,0,59.0,0.800117103,0,1,0,0,0,1,1,0,0,0,0,47.2,1
0.6,22.94,865.0,6570,23,0.0,0,0,56.5,0.77011398,0,1,0,0,0,1,1,0,0,0,0,33.9,1
0.7,22.52,825.0,10170,50,0.0,0,0,56.5,0.7005417,0,1,0,0,0,1,1,0,0,0,0,39.55,1
0.8,2.9,1039.0,1440,0,0.0,0,0,8.0,0.675568182,0,1,0,0,1,0,1,0,0,0,0,6.4,1
0.8,2.9,1039.0,1440,0,0.0,0,0,8.0,0.661837121,0,1,0,0,1,0,1,0,0,0,0,6.4,1
0.65,22.52,1163.0,9720,35,0.0,0,0,54.0,0.650198653,0,1,0,0,0,1,1,0,0,0,0,35.1,1
0.6,22.52,1140.0,10170,30,0.0,0,0,56.5,0.600291767,0,1,0,0,0,1,1,0,0,0,0,33.9,1
0.6,14.89,1027.0,10080,38,0.0,0,0,56.0,0.600273268,0,1,0,0,0,1,1,0,0,0,0,33.6,1
0.8,2.9,1039.0,900,0,0.0,0,0,5.0,0.465757576,0,1,0,0,1,0,1,0,0,0,0,4.0,1
0.7,41.19,1052.0,10440,21,0.0,0,0,58.0,0.452012539,0,1,0,0,0,1,1,0,0,0,0,40.599999999999994,1
0.8,4.15,1039.0,1260,0,0.0,0,0,7.0,0.313852814,0,1,0,0,1,0,1,0,0,0,0,5.6000000000000005,1
0.6,4.15,1039.0,1440,0,0.0,0,0,8.0,0.852793561,0,1,0,0,1,0,0,1,0,0,0,4.8,1
0.65,4.15,1039.0,2160,0,0.0,0,0,12.0,0.838383838,0,1,0,0,1,0,0,1,0,0,0,7.800000000000001,1
0.8,2.9,1039.0,1800,0,0.0,0,0,10.0,0.804848485,0,1,0,0,1,0,0,1,0,0,0,8.0,1
0.8,11.41,1140.0,5490,63,0.0,0,0,30.5,0.800343766,0,1,0,0,0,1,0,1,0,0,0,24.400000000000002,1
0.8,48.84,624.0,10170,50,0.0,0,0,56.5,0.800128721,0,1,0,0,0,1,0,1,0,0,0,45.2,1
0.8,25.9,1252.5,10170,38,0.0,0,0,56.5,0.800128721,0,1,0,0,0,1,0,1,0,0,0,45.2,1
0.8,26.16,1252.5,3660,50,0.0,0,0,59.0,0.800015009,0,1,0,0,0,1,0,1,0,0,0,47.2,1
0.7,22.52,882.0,10170,50,0.0,0,0,56.5,0.7005417,0,1,0,0,0,1,0,1,0,0,0,39.55,1
0.7,22.52,1002.0,10080,40,0.0,0,0,56.0,0.700094156,0,1,0,0,0,1,0,1,0,0,0,39.199999999999996,1
0.8,2.9,1039.0,1440,0,0.0,0,0,8.0,0.692045455,0,1,0,0,1,0,0,1,0,0,0,6.4,1
0.8,26.87,585.0,5670,56,0.0,0,0,31.5,0.662255892,0,1,0,0,0,1,0,1,0,0,0,25.200000000000003,1
0.65,22.52,1138.0,10170,35,0.0,0,0,56.5,0.650416734,0,1,0,0,0,1,0,1,0,0,0,36.725,1
0.65,14.89,1140.0,10260,44,0.0,0,0,57.0,0.650299575,0,1,0,0,0,1,0,1,0,0,0,37.050000000000004,1
0.65,22.94,1025.0,10170,26,0.0,0,0,56.5,0.650243497,0,1,0,0,0,1,0,1,0,0,0,36.725,1
0.8,2.9,1039.0,1440,0,0.0,0,0,8.0,0.639867424,0,1,0,0,1,0,0,1,0,0,0,6.4,1
0.6,20.4,1031.0,10440,30,0.0,0,0,58.0,0.600062696,0,1,0,0,0,1,0,1,0,0,0,34.8,1
0.8,3.94,1039.0,1800,0,0.0,0,0,10.0,0.582045455,0,1,0,0,1,0,0,1,0,0,0,8.0,1
0.8,49.1,1252.5,10350,24,0.0,0,0,57.5,0.403242161,0,1,0,0,0,1,0,1,0,0,0,46.0,1
0.7,3.94,1039.0,1440,0,0.0,0,0,8.0,0.235795455,0,1,0,0,1,0,0,1,0,0,0,5.6,1
0.7,4.3,1039.0,5040,0,0.0,0,0,28.0,0.977272727,0,1,0,0,1,0,0,0,0,0,0,19.599999999999998,1
0.8,3.94,1039.0,1800,0,0.0,0,0,10.0,0.964106061,0,1,0,0,1,0,0,0,0,0,0,8.0,1
0.65,4.15,1039.0,1440,0,0.0,0,0,8.0,0.958901515,0,1,0,0,1,0,0,0,0,0,0,5.2,1
0.8,11.41,1028.0,4380,50,0.0,0,0,31.0,0.800358775,0,1,0,0,0,1,0,0,0,0,0,24.8,1
0.8,25.9,1252.5,3630,50,0.0,0,0,56.5,0.800162602,0,1,0,0,0,1,0,0,0,0,0,45.2,1
0.8,26.16,1196.0,10620,63,0.0,0,0,59.0,0.800117103,0,1,0,0,0,1,0,0,0,0,0,47.2,1
0.8,2.9,1039.0,1440,0,0.0,0,0,8.0,0.793844697,0,1,0,0,1,0,0,0,0,0,0,6.4,1
0.7,22.94,1006.0,10170,38,0.0,0,0,56.5,0.750517565,0,1,0,0,0,1,0,0,0,0,0,39.55,1
0.7,22.52,930.0,10260,63,0.0,0,0,57.0,0.750068049,0,1,0,0,0,1,0,0,0,0,0,39.9,1
0.7,22.52,1095.0,10170,50,0.0,0,0,56.5,0.750062751,0,1,0,0,0,1,0,0,0,0,0,39.55,1
0.7,22.52,938.0,10080,63,0.0,0,0,56.0,0.750057359,0,1,0,0,0,1,0,0,0,0,0,39.199999999999996,1
0.7,14.89,1252.5,10260,50,0.0,0,0,57.0,0.700170388,0,1,0,0,0,1,0,0,0,0,0,39.9,1
0.8,2.9,1039.0,1440,0,0.0,0,0,8.0,0.683806818,0,1,0,0,1,0,0,0,0,0,0,6.4,1
0.65,20.4,1252.5,8280,35,0.0,0,0,58.0,0.650066445,0,1,0,0,0,1,0,0,0,0,0,37.7,1
0.8,48.84,1040.0,10260,30,0.0,0,0,57.0,0.576460393,0,1,0,0,0,1,0,0,0,0,0,45.6,1
0.5,22.94,1252.5,10170,30,0.0,0,0,56.5,0.549969429,0,1,0,0,0,1,0,0,0,0,0,28.25,1
0.7,3.94,1039.0,1440,0,0.0,0,0,8.0,0.538399621,0,1,0,0,1,0,0,0,0,0,0,5.6,1
0.7,4.15,1039.0,1440,0,0.0,0,0,8.0,0.409545455,0,1,0,0,1,0,0,0,0,0,0,5.6,1
0.35,15.26,1111.0,6120,23,0.0,0,0,34.0,0.35021836,0,1,0,0,0,1,0,0,0,0,0,11.899999999999999,1
0.7,4.15,1039.0,1440,0,0.0,0,0,8.0,1.0,0,1,0,0,1,0,0,0,0,1,0,5.6,1
0.8,11.41,1047.0,5580,63,0.0,0,0,31.0,0.800261486,0,1,0,0,0,1,0,0,0,1,0,24.8,1
0.8,25.9,1252.5,10170,50,0.0,0,0,56.5,0.800128721,0,1,0,0,0,1,0,0,0,1,0,45.2,1
0.8,26.16,399.0,10620,63,0.0,0,0,59.0,0.800117103,0,1,0,0,0,1,0,0,0,1,0,47.2,1
0.7,22.52,983.0,10260,63,0.0,0,0,57.0,0.750068049,0,1,0,0,0,1,0,0,0,1,0,39.9,1
0.7,22.52,1108.0,10080,63,0.0,0,0,56.0,0.750057359,0,1,0,0,0,1,0,0,0,1,0,39.199999999999996,1
0.7,22.52,1134.0,8460,50,0.0,0,0,57.0,0.750037968,0,1,0,0,0,1,0,0,0,1,0,39.9,1
0.7,22.94,1252.5,10260,50,0.0,0,0,57.0,0.750031898,0,1,0,0,0,1,0,0,0,1,0,39.9,1
0.8,3.94,1039.0,1800,0,0.0,0,0,10.0,0.72830303,0,1,0,0,1,0,0,0,0,1,0,8.0,1
0.7,14.89,1252.5,10260,50,0.0,0,0,57.0,0.700170388,0,1,0,0,0,1,0,0,0,1,0,39.9,1
0.7,20.4,1252.5,10260,50,0.0,0,0,57.0,0.700063796,0,1,0,0,0,1,0,0,0,1,0,39.9,1
0.8,2.9,1039.0,1440,0,0.0,0,0,8.0,0.639867424,0,1,0,0,1,0,0,0,0,1,0,6.4,1
0.5,15.26,1252.5,3720,23,0.0,0,0,34.0,0.500290419,0,1,0,0,0,1,0,0,0,1,0,17.0,1
0.35,22.94,1252.5,10080,30,0.0,0,0,56.0,0.400332792,0,1,0,0,0,1,0,0,0,1,0,19.599999999999998,1
0.7,4.15,1039.0,2700,0,0.0,0,0,15.0,0.362666667,0,1,0,0,1,0,0,0,0,1,0,10.5,1
0.75,4.3,1039.0,6000,0,0.0,0,0,20.0,0.978525641,0,1,0,0,1,0,0,0,0,0,1,15.0,1
0.7,3.94,1039.0,5100,0,0.0,0,0,17.0,0.912202112,0,1,0,0,1,0,0,0,0,0,1,11.899999999999999,1
0.75,22.52,825.0,10080,94,0.0,0,0,56.0,0.900556277,0,1,0,0,0,1,0,0,0,0,1,42.0,1
0.8,11.61,916.0,5760,75,0.0,0,0,89.0,0.850410511,0,1,0,0,0,1,0,0,0,0,1,71.2,1
0.8,3.94,1039.0,2400,0,0.0,0,0,8.0,0.827147436,0,1,0,0,1,0,0,0,0,0,1,6.4,1
0.8,25.9,562.0,7470,38,0.0,0,0,56.5,0.800436542,0,1,0,0,0,1,0,0,0,0,1,45.2,1
0.7,22.94,1252.5,10500,60,0.0,0,0,57.0,0.800415742,0,1,0,0,0,1,0,0,0,0,1,39.9,1
0.7,22.52,1206.0,10080,75,0.0,0,0,56.0,0.800020563,0,1,0,0,0,1,0,0,0,0,1,39.199999999999996,1
0.7,4.15,1039.0,2400,0,0.0,0,0,8.0,0.758173077,0,1,0,0,1,0,0,0,0,0,1,5.6,1
0.7,20.4,1252.5,10440,50,0.0,0,0,58.0,0.750344828,0,1,0,0,0,1,0,0,0,0,1,40.599999999999994,1
0.7,22.52,1139.0,10260,63,0.0,0,0,57.0,0.750068049,0,1,0,0,0,1,0,0,0,0,1,39.9,1
0.7,14.89,1252.5,10260,50,0.0,0,0,57.0,0.700170388,0,1,0,0,0,1,0,0,0,0,1,39.9,1
0.65,22.94,1252.5,10260,34,0.0,0,0,57.0,0.700029771,0,1,0,0,0,1,0,0,0,0,1,37.050000000000004,1
0.6,15.26,1245.0,6360,23,0.0,0,0,34.0,0.60017284,0,1,0,0,0,1,0,0,0,0,1,20.4,1
0.8,2.9,1039.0,2400,0,0.0,0,0,8.0,0.594871795,0,1,0,0,1,0,0,0,0,0,1,6.4,1
0.8,54.56,757.0,4140,29,0.0,0,0,58.0,0.520237649,0,1,0,0,0,1,0,0,0,0,1,46.400000000000006,1
0.65,3.94,1039.0,2400,0,0.0,0,0,8.0,0.505128205,0,1,0,0,1,0,0,0,0,0,1,5.2,1
0.5,22.52,1252.5,10080,23,0.0,0,0,56.0,0.500241342,0,1,0,0,0,1,0,0,0,0,1,28.0,1
0.7,4.15,1039.0,2700,0,0.0,0,0,9.0,0.470769231,0,1,0,0,1,0,0,0,0,0,1,6.3,1
0.6,3.94,1039.0,6000,0,0.0,0,0,10.0,0.957638889,0,0,1,0,1,0,0,0,1,0,0,6.0,1
0.75,3.94,1039.0,8400,0,0.0,0,0,14.0,0.940701058,0,0,1,0,1,0,0,0,1,0,0,10.5,1
0.75,22.52,759.0,10080,81,0.0,0,0,56.0,0.849983766,0,0,1,0,0,1,0,0,1,0,0,42.0,1
0.7,22.94,1252.5,10620,60,0.0,0,0,57.0,0.800302791,0,0,1,0,0,1,0,0,1,0,0,39.9,1
0.8,11.61,955.0,6360,63,0.0,0,0,32.0,0.800191989,0,0,1,0,0,1,0,0,1,0,0,25.6,1
0.75,22.52,1252.5,10080,55,0.0,0,0,56.0,0.800020563,0,0,1,0,0,1,0,0,1,0,0,42.0,1
0.7,22.94,1252.5,12180,63,0.0,0,0,57.0,0.750162367,0,0,1,0,0,1,0,0,1,0,0,39.9,1
0.7,22.52,1244.0,10260,63,0.0,0,0,57.0,0.750068049,0,0,1,0,0,1,0,0,1,0,0,39.9,1
0.7,4.15,1039.0,9000,0,0.0,0,0,15.0,0.742901235,0,0,1,0,1,0,0,0,1,0,0,10.5,1
0.7,20.4,1252.5,10440,40,0.0,0,0,58.0,0.700250784,0,0,1,0,0,1,0,0,1,0,0,40.599999999999994,1
0.7,14.89,1252.5,10260,50,0.0,0,0,57.0,0.700170388,0,0,1,0,0,1,0,0,1,0,0,39.9,1
0.75,4.3,1039.0,9000,0,0.0,0,0,15.0,0.670216049,0,0,1,0,1,0,0,0,1,0,0,11.25,1
0.7,3.94,1039.0,15000,0,0.0,0,0,25.0,0.649662222,0,0,1,0,1,0,0,0,1,0,0,17.5,1
0.7,3.94,1039.0,15000,0,0.0,0,0,25.0,0.649662222,0,0,1,0,1,0,0,0,1,0,0,17.5,1
0.8,2.9,1039.0,4800,0,0.0,0,0,8.0,0.626822917,0,0,1,0,1,0,0,0,1,0,0,6.4,1
0.6,15.26,1252.5,6960,23,0.0,0,0,34.0,0.600436426,0,0,1,0,0,1,0,0,1,0,0,20.4,1
0.6,22.52,1252.5,10260,23,0.0,0,0,57.0,0.60041361,0,0,1,0,0,1,0,0,1,0,0,34.199999999999996,1
0.8,40.99,980.0,10770,30,0.0,0,0,56.5,0.555500132,0,0,1,0,0,1,0,0,1,0,0,45.2,1
0.5,29.12,970.0,10440,30,0.0,0,0,58.0,0.500547544,0,0,1,0,0,1,0,0,1,0,0,29.0,1
0.7,3.94,1039.0,12000,0,0.0,0,0,20.0,0.460578704,0,0,1,0,1,0,0,0,1,0,0,14.0,1
0.8,2.9,1039.0,4800,0,0.0,0,0,8.0,0.397743056,0,0,1,0,1,0,0,0,1,0,0,6.4,1
0.6,4.08,1039.0,5400,0,0.0,0,0,9.0,0.327407407,0,0,1,0,1,0,0,0,1,0,0,5.3999999999999995,1
0.7,4.15,1039.0,2700,0,0.0,0,0,15.0,0.966666667,0,0,1,0,1,0,1,0,0,0,0,10.5,1
0.75,3.94,1039.0,1800,0,0.0,0,0,10.0,0.937242424,0,0,1,0,1,0,1,0,0,0,0,7.5,1
0.8,2.9,1039.0,1620,0,0.0,0,0,9.0,0.910521886,0,0,1,0,1,0,1,0,0,0,0,7.2,1
0.75,22.94,1252.5,10260,94,0.0,0,0,57.0,0.90064806,0,0,1,0,0,1,1,0,0,0,0,42.75,1
0.75,22.52,727.0,10260,94,0.0,0,0,57.0,0.900321106,0,0,1,0,0,1,1,0,0,0,0,42.75,1
0.75,4.15,1039.0,1800,0,0.0,0,0,10.0,0.896022727,0,0,1,0,1,0,1,0,0,0,0,7.5,1
0.75,3.94,1039.0,1440,0,0.0,0,0,8.0,0.895454545,0,0,1,0,1,0,1,0,0,0,0,6.0,1
0.65,3.94,1039.0,2160,0,0.0,0,0,12.0,0.870580808,0,0,1,0,1,0,1,0,0,0,0,7.800000000000001,1
0.7,4.08,1039.0,1620,0,0.0,0,0,9.0,0.858585859,0,0,1,0,1,0,1,0,0,0,0,6.3,1
0.7,22.94,1252.5,10260,75,0.0,0,0,57.0,0.800643806,0,0,1,0,0,1,1,0,0,0,0,39.9,1
0.75,22.52,1252.5,10080,69,0.0,0,0,56.0,0.80062987,0,0,1,0,0,1,1,0,0,0,0,42.0,1
0.8,11.61,1009.0,5640,63,0.0,0,0,32.0,0.800537143,0,0,1,0,0,1,1,0,0,0,0,25.6,1
0.75,22.52,1252.5,10260,69,0.0,0,0,57.0,0.80035194,0,0,1,0,0,1,1,0,0,0,0,42.75,1
0.75,15.26,1252.5,6120,40,0.0,0,0,34.0,0.750079323,0,0,1,0,0,1,1,0,0,0,0,25.5,1
0.75,42.97,1252.5,10260,56,0.0,0,0,57.0,0.750041201,0,0,1,0,0,1,1,0,0,0,0,42.75,1
0.7,20.4,1252.5,10440,50,0.0,0,0,58.0,0.700250784,0,0,1,0,0,1,1,0,0,0,0,40.599999999999994,1
0.75,4.3,1039.0,2160,0,0.0,0,0,12.0,0.651515152,0,0,1,0,1,0,1,0,0,0,0,9.0,1
0.65,22.52,1252.5,10170,26,0.0,0,0,56.5,0.650416734,0,0,1,0,0,1,1,0,0,0,0,36.725,1
0.6,29.12,925.0,6660,23,0.0,0,0,58.0,0.600125217,0,0,1,0,0,1,1,0,0,0,0,34.8,1
0.75,3.94,1039.0,1440,0,0.0,0,0,8.0,0.578314394,0,0,1,0,1,0,1,0,0,0,0,6.0,1
0.7,3.94,1039.0,1440,0,0.0,0,0,8.0,0.578314394,0,0,1,0,1,0,1,0,0,0,0,5.6,1
0.35,15.09,1252.5,9360,23,0.0,0,0,52.0,0.34998951,0,0,1,0,0,1,1,0,0,0,0,18.2,1
0.6,3.94,1039.0,1440,0,0.0,0,0,8.0,0.261174242,0,0,1,0,1,0,1,0,0,0,0,4.8,1
0.7,4.15,1039.0,3060,0,0.0,0,0,17.0,0.973796791,0,0,1,0,1,0,0,1,0,0,0,11.899999999999999,1
0.75,3.94,1039.0,1440,0,0.0,0,0,8.0,0.970075758,0,0,1,0,1,0,0,1,0,0,0,6.0,1
0.7,3.94,1039.0,1440,0,0.0,0,0,8.0,0.970075758,0,0,1,0,1,0,0,1,0,0,0,5.6,1
0.75,3.94,1039.0,1620,0,0.0,0,0,9.0,0.961784512,0,0,1,0,1,0,0,1,0,0,0,6.75,1
0.75,3.94,1039.0,3420,0,0.0,0,0,19.0,0.955151515,0,0,1,0,1,0,0,1,0,0,0,14.25,1
0.75,4.3,1039.0,2160,0,0.0,0,0,12.0,0.952020202,0,0,1,0,1,0,0,1,0,0,0,9.0,1
0.75,22.52,867.0,10260,94,0.0,0,0,57.0,0.900321106,0,0,1,0,0,1,0,1,0,0,0,42.75,1
0.75,22.94,1252.5,10530,81,0.0,0,0,58.5,0.850223776,0,0,1,0,0,1,0,1,0,0,0,43.875,1
0.7,22.94,1252.5,10530,75,0.0,0,0,58.5,0.800909609,0,0,1,0,0,1,0,1,0,0,0,40.949999999999996,1
0.75,22.52,1252.5,10350,55,0.0,0,0,57.5,0.800513307,0,0,1,0,0,1,0,1,0,0,0,43.125,1
0.8,11.61,1181.0,5760,63,0.0,0,0,32.0,0.800386364,0,0,1,0,0,1,0,1,0,0,0,25.6,1
0.75,22.52,1252.5,10080,69,0.0,0,0,56.0,0.800020563,0,0,1,0,0,1,0,1,0,0,0,42.0,1
0.65,3.94,1039.0,2520,0,0.0,0,0,14.0,0.749188312,0,0,1,0,1,0,0,1,0,0,0,9.1,1
0.7,22.52,360.0,10170,40,0.0,0,0,56.5,0.7005417,0,0,1,0,0,1,0,1,0,0,0,39.55,1
0.7,15.26,1252.5,6120,40,0.0,0,0,34.0,0.70043672,0,0,1,0,0,1,0,1,0,0,0,23.799999999999997,1
0.7,20.4,1217.0,10440,50,0.0,0,0,58.0,0.700250784,0,0,1,0,0,1,0,1,0,0,0,40.599999999999994,1
0.65,29.12,1086.0,10440,26,0.0,0,0,58.0,0.650407524,0,0,1,0,0,1,0,1,0,0,0,37.7,1
0.7,4.08,1039.0,1620,0,0.0,0,0,9.0,0.618181818,0,0,1,0,1,0,0,1,0,0,0,6.3,1
0.75,42.97,532.0,10260,40,0.0,0,0,57.0,0.59114168,0,0,1,0,0,1,0,1,0,0,0,42.75,1
0.5,15.09,1252.5,720,23,0.0,0,0,52.0,0.500061916,0,0,1,0,0,1,0,1,0,0,0,26.0,1
0.8,2.9,1039.0,720,0,0.0,0,0,4.0,0.329545455,0,0,1,0,1,0,0,1,0,0,0,3.2,1
0.75,3.94,1039.0,1800,0,0.0,0,0,10.0,1.0,0,0,1,0,1,0,0,0,0,0,0,7.5,1
0.75,3.94,1039.0,3780,0,0.0,0,0,21.0,0.997792208,0,0,1,0,1,0,0,0,0,0,0,15.75,1
0.75,4.3,1039.0,2160,0,0.0,0,0,12.0,0.963699495,0,0,1,0,1,0,0,0,0,0,0,9.0,1
0.7,4.15,1039.0,2700,0,0.0,0,0,15.0,0.959191919,0,0,1,0,1,0,0,0,0,0,0,10.5,1
0.75,3.94,1039.0,1800,0,0.0,0,0,10.0,0.910378788,0,0,1,0,1,0,0,0,0,0,0,7.5,1
0.7,3.94,1039.0,1800,0,0.0,0,0,10.0,0.910378788,0,0,1,0,1,0,0,0,0,0,0,7.0,1
0.8,22.52,1016.0,10170,60,0.0,0,0,56.5,0.850312684,0,0,1,0,0,1,0,0,0,0,0,45.2,1
0.8,11.61,1072.0,5760,50,0.0,0,0,32.0,0.800386364,0,0,1,0,0,1,0,0,0,0,0,25.6,1
0.75,22.52,1252.5,10260,69,0.0,0,0,57.0,0.80035194,0,0,1,0,0,1,0,0,0,0,0,42.75,1
0.75,22.94,1252.5,10260,55,0.0,0,0,57.0,0.800034024,0,0,1,0,0,1,0,0,0,0,0,42.75,1
0.7,22.94,1252.5,10440,60,0.0,0,0,58.0,0.800023511,0,0,1,0,0,1,0,0,0,0,0,40.599999999999994,1
0.75,22.52,1250.0,10080,55,0.0,0,0,56.0,0.800020563,0,0,1,0,0,1,0,0,0,0,0,42.0,1
0.7,4.08,1039.0,1620,0,0.0,0,0,9.0,0.769292929,0,0,1,0,1,0,0,0,0,0,0,6.3,1
0.75,20.4,1118.0,10320,56,0.0,0,0,58.0,0.750031447,0,0,1,0,0,1,0,0,0,0,0,43.5,1
0.7,29.12,1143.0,10440,40,0.0,0,0,58.0,0.70061442,0,0,1,0,0,1,0,0,0,0,0,40.599999999999994,1
0.7,15.26,1252.5,6120,40,0.0,0,0,34.0,0.70043672,0,0,1,0,0,1,0,0,0,0,0,23.799999999999997,1
0.65,3.94,1039.0,1440,0,0.0,0,0,8.0,0.646306818,0,0,1,0,1,0,0,0,0,0,0,5.2,1
0.6,15.09,1252.5,360,23,0.0,0,0,52.0,0.600143365,0,0,1,0,0,1,0,0,0,0,0,31.2,1
0.35,28.08,749.0,10260,23,0.0,0,0,57.0,0.350066986,0,0,1,0,0,1,0,0,0,0,0,19.95,1
0.75,22.52,1252.5,6840,119,0.0,0,0,57.0,1.0,0,0,1,0,0,1,0,0,0,1,0,42.75,1
0.75,22.52,1252.5,6840,119,0.0,0,0,57.0,1.0,0,0,1,0,0,1,0,0,0,1,0,42.75,1
0.8,3.94,1039.0,1440,0,0.0,0,0,12.0,0.979527778,0,0,1,0,1,0,0,0,0,1,0,9.600000000000001,1
0.8,4.3,1039.0,1440,0,0.0,0,0,12.0,0.940625,0,0,1,0,1,0,0,0,0,1,0,9.600000000000001,1
0.5,4.15,1039.0,1440,0,0.0,0,0,12.0,0.926388889,0,0,1,0,1,0,0,0,0,1,0,6.0,1
0.8,22.52,1134.0,6720,70,0.0,0,0,56.0,0.900129762,0,0,1,0,0,1,0,0,0,1,0,44.800000000000004,1
0.75,3.94,1039.0,1440,0,0.0,0,0,12.0,0.861875,0,0,1,0,1,0,0,0,0,1,0,9.0,1
0.8,22.52,1106.0,6780,60,0.0,0,0,56.5,0.850312684,0,0,1,0,0,1,0,0,0,1,0,45.2,1
0.65,3.94,1039.0,960,0,0.0,0,0,8.0,0.845458333,0,0,1,0,1,0,0,0,0,1,0,5.2,1
0.7,4.15,1039.0,1080,0,0.0,0,0,9.0,0.823555556,0,0,1,0,1,0,0,0,0,1,0,6.3,1
0.5,4.15,1039.0,960,0,0.0,0,0,8.0,0.803541667,0,0,1,0,1,0,0,0,0,1,0,4.0,1
0.75,22.94,1252.5,6960,55,0.0,0,0,58.0,0.800263218,0,0,1,0,0,1,0,0,0,1,0,43.5,1
0.75,3.94,1039.0,1200,0,0.0,0,0,10.0,0.788,0,0,1,0,1,0,0,0,0,1,0,7.5,1
0.75,3.94,1039.0,1200,0,0.0,0,0,10.0,0.77815,0,0,1,0,1,0,0,0,0,1,0,7.5,1
0.7,29.12,1252.5,6960,50,0.0,0,0,58.0,0.700386207,0,0,1,0,0,1,0,0,0,1,0,40.599999999999994,1
0.7,15.26,1252.5,4080,40,0.0,0,0,34.0,0.700164706,0,0,1,0,0,1,0,0,0,1,0,23.799999999999997,1
0.65,15.09,976.0,240,23,0.0,0,0,52.0,0.650307143,0,0,1,0,0,1,0,0,0,1,0,33.800000000000004,1
0.8,30.4,338.0,3840,34,0.0,0,0,32.0,0.622828125,0,0,1,0,0,1,0,0,0,1,0,25.6,1
0.8,2.9,1039.0,960,0,0.0,0,0,8.0,0.6225,0,0,1,0,1,0,0,0,0,1,0,6.4,1
0.5,20.79,1252.5,6960,30,0.0,0,0,58.0,0.500035345,0,0,1,0,0,1,0,0,0,1,0,29.0,1
0.5,48.18,1252.5,6480,23,0.0,0,0,54.0,0.37046657,0,0,1,0,0,1,0,0,0,1,0,27.0,1
0.8,22.52,1252.5,6840,90,0.0,0,0,57.0,1.0,0,0,1,0,0,1,0,0,0,0,1,45.6,1
0.8,22.52,1252.5,6840,113,0.0,0,0,57.0,1.0,0,0,1,0,0,1,0,0,0,0,1,45.6,1
0.35,2.9,1039.0,1800,0,0.0,0,0,15.0,0.977555556,0,0,1,0,1,0,0,0,0,0,1,5.25,1
0.75,3.94,1039.0,1200,0,0.0,0,0,10.0,0.9456,0,0,1,0,1,0,0,0,0,0,1,7.5,1
0.8,3.94,1039.0,1800,0,0.0,0,0,15.0,0.902222222,0,0,1,0,1,0,0,0,0,0,1,12.0,1
0.8,22.52,1175.0,6720,60,0.0,0,0,56.0,0.850532143,0,0,1,0,0,1,0,0,0,0,1,44.800000000000004,1
0.75,22.94,1252.5,6960,81,0.0,0,0,58.0,0.850362069,0,0,1,0,0,1,0,0,0,0,1,43.5,1
0.8,3.94,1039.0,1200,0,0.0,0,0,10.0,0.840533333,0,0,1,0,1,0,0,0,0,0,1,8.0,1
0.6,20.79,1045.0,6960,88,0.0,0,0,58.0,0.800534483,0,0,1,0,0,1,0,0,0,0,1,34.8,1
0.8,22.52,1252.5,6780,50,0.0,0,0,56.5,0.800489676,0,0,1,0,0,1,0,0,0,0,1,45.2,1
0.75,4.08,1039.0,1080,0,0.0,0,0,9.0,0.755555556,0,0,1,0,1,0,0,0,0,0,1,6.75,1
0.7,29.12,1252.5,6960,63,0.0,0,0,58.0,0.750593103,0,0,1,0,0,1,0,0,0,0,1,40.599999999999994,1
0.75,15.26,1252.5,3600,45,0.0,0,0,35.0,0.750283333,0,0,1,0,0,1,0,0,0,0,1,26.25,1
0.8,4.3,1039.0,1440,0,0.0,0,0,12.0,0.722638889,0,0,1,0,1,0,0,0,0,0,1,9.600000000000001,1
0.65,4.15,1039.0,960,0,0.0,0,0,8.0,0.553333333,0,0,1,0,1,0,0,0,0,0,1,5.2,1
0.5,20.1,1252.5,5880,46,0.0,0,0,54.0,0.500567308,0,0,1,0,0,1,0,0,0,0,1,27.0,1
0.7,38.09,336.0,6240,0,0.0,0,0,52.0,0.467693269,0,0,1,0,0,1,0,0,0,0,1,36.4,1
0.35,18.79,511.0,1800,23,0.0,0,0,32.0,0.437995338,0,0,1,0,0,1,0,0,0,0,1,11.2,1
0.6,3.94,1039.0,960,0,0.0,0,0,8.0,0.406354167,0,0,1,0,1,0,0,0,0,0,1,4.8,1
0.6,23.54,958.0,6600,0,0.0,0,0,55.0,0.285333333,0,0,1,0,0,1,0,0,0,0,1,33.0,1
0.5,2.9,1039.0,960,0,0.0,0,0,8.0,0.259375,0,0,1,0,1,0,0,0,0,0,1,4.0,1
0.8,22.52,1252.5,6840,113,0.0,0,0,57.0,1.0,0,0,0,1,0,1,0,0,1,0,0,45.6,1
0.8,4.3,1039.0,1200,0,0.0,0,0,10.0,0.989,0,0,0,1,1,0,0,0,1,0,0,8.0,1
0.8,22.52,1252.5,6840,100,0.0,0,0,57.0,0.950185965,0,0,0,1,0,1,0,0,1,0,0,45.6,1
0.8,22.52,1252.5,6900,88,0.0,0,0,57.5,0.9008,0,0,0,1,0,1,0,0,1,0,0,46.0,1
0.8,22.52,1088.0,6720,88,0.0,0,0,56.0,0.900129762,0,0,0,1,0,1,0,0,1,0,0,44.800000000000004,1
0.5,2.9,1039.0,1200,0,0.0,0,0,10.0,0.899,0,0,0,1,1,0,0,0,1,0,0,5.0,1
0.65,4.15,1039.0,960,0,0.0,0,0,8.0,0.877552083,0,0,0,1,1,0,0,0,1,0,0,5.2,1
0.6,2.9,1039.0,960,0,0.0,0,0,8.0,0.864583333,0,0,0,1,1,0,0,0,1,0,0,4.8,1
0.8,3.94,1039.0,1200,0,0.0,0,0,10.0,0.85695,0,0,0,1,1,0,0,0,1,0,0,8.0,1
0.75,3.94,1039.0,1200,0,0.0,0,0,10.0,0.853666667,0,0,0,1,1,0,0,0,1,0,0,7.5,1
0.75,22.94,1252.5,6960,81,0.0,0,0,58.0,0.850362069,0,0,0,1,0,1,0,0,1,0,0,43.5,1
0.7,29.12,1170.0,6960,53,0.0,0,0,58.0,0.850170115,0,0,0,1,0,1,0,0,1,0,0,40.599999999999994,1
0.65,20.79,1015.0,7080,81,0.0,0,0,59.0,0.800473729,0,0,0,1,0,1,0,0,1,0,0,38.35,1
0.8,3.94,1039.0,1200,0,0.0,0,0,10.0,0.773333333,0,0,0,1,1,0,0,0,1,0,0,8.0,1
0.75,15.26,1252.5,4200,45,0.0,0,0,35.0,0.750646667,0,0,0,1,0,1,0,0,1,0,0,26.25,1
0.75,4.08,1039.0,1080,0,0.0,0,0,9.0,0.634666667,0,0,0,1,1,0,0,0,1,0,0,6.75,1
0.6,20.1,1252.5,4320,46,0.0,0,0,51.0,0.60059761,0,0,0,1,0,1,0,0,1,0,0,30.599999999999998,1
0.5,18.79,717.0,3960,23,0.0,0,0,33.0,0.500117677,0,0,0,1,0,1,0,0,1,0,0,16.5,1
0.8,3.94,1039.0,960,0,0.0,0,0,8.0,0.4925,0,0,0,1,1,0,0,0,1,0,0,6.4,1
0.65,23.54,830.0,6600,0,0.0,0,0,55.0,0.48792,0,0,0,1,0,1,0,0,1,0,0,35.75,1
0.8,22.52,1136.0,6960,113,0.0,0,0,58.0,1.0,0,0,0,1,0,1,1,0,0,0,0,46.400000000000006,1
0.8,22.52,1252.5,6840,113,0.0,0,0,57.0,1.0,0,0,0,1,0,1,1,0,0,0,0,45.6,1
0.8,3.94,1039.0,1200,0,0.0,0,0,10.0,0.971866667,0,0,0,1,1,0,1,0,0,0,0,8.0,1
0.8,3.94,1039.0,960,0,0.0,0,0,8.0,0.971866667,0,0,0,1,1,0,1,0,0,0,0,6.4,1
0.8,3.94,1039.0,1200,0,0.0,0,0,10.0,0.971866667,0,0,0,1,1,0,1,0,0,0,0,8.0,1
0.8,3.94,1039.0,1200,0,0.0,0,0,10.0,0.971866667,0,0,0,1,1,0,1,0,0,0,0,8.0,1
0.75,3.94,1039.0,1800,0,0.0,0,0,15.0,0.971866667,0,0,0,1,1,0,1,0,0,0,0,11.25,1
0.75,3.94,1039.0,240,0,0.0,0,0,2.0,0.971866667,0,0,0,1,1,0,1,0,0,0,0,1.5,1
0.75,4.08,1039.0,1080,0,0.0,0,0,9.0,0.971866667,0,0,0,1,1,0,1,0,0,0,0,6.75,1
0.7,3.94,1039.0,240,0,0.0,0,0,2.0,0.971866667,0,0,0,1,1,0,1,0,0,0,0,1.4,1
0.7,3.94,1039.0,1200,0,0.0,0,0,10.0,0.971866667,0,0,0,1,1,0,1,0,0,0,0,7.0,1
0.65,3.94,1039.0,960,0,0.0,0,0,8.0,0.971866667,0,0,0,1,1,0,1,0,0,0,0,5.2,1
0.65,3.94,1039.0,600,0,0.0,0,0,5.0,0.971866667,0,0,0,1,1,0,1,0,0,0,0,3.25,1
0.6,3.94,1039.0,1200,0,0.0,0,0,10.0,0.971866667,0,0,0,1,1,0,1,0,0,0,0,6.0,1
0.8,22.52,1116.0,6720,93,0.0,0,0,56.0,0.920236905,0,0,0,1,0,1,1,0,0,0,0,44.800000000000004,1
0.8,22.52,1252.5,6660,88,0.0,0,0,57.5,0.900537069,0,0,0,1,0,1,1,0,0,0,0,46.0,1
0.75,29.12,1082.0,6840,81,0.0,0,0,57.0,0.850610526,0,0,0,1,0,1,1,0,0,0,0,42.75,1
0.75,22.94,1252.5,6960,81,0.0,0,0,58.0,0.850362069,0,0,0,1,0,1,1,0,0,0,0,43.5,1
0.75,15.26,1209.0,4200,45,0.0,0,0,35.0,0.750646667,0,0,0,1,0,1,1,0,0,0,0,26.25,1
0.7,50.89,282.0,5880,56,0.0,0,0,59.0,0.656763743,0,0,0,1,0,1,1,0,0,0,0,41.3,1
0.65,20.1,1252.5,6480,49,0.0,0,0,54.0,0.650148148,0,0,0,1,0,1,1,0,0,0,0,35.1,1
0.6,18.79,799.0,3960,23,0.0,0,0,33.0,0.600710606,0,0,0,1,0,1,1,0,0,0,0,19.8,1
0.7,23.54,1109.0,6720,0,0.0,0,0,56.0,0.388830357,0,0,0,1,0,1,1,0,0,0,0,39.199999999999996,1
0.5,23.54,1144.0,6480,0,0.0,0,0,54.0,0.286984568,0,0,0,1,0,1,1,0,0,0,0,27.0,1
0.65,4.15,1039.0,960,0,0.0,0,0,8.0,1.0,0,0,0,0,1,0,0,1,0,0,0,5.2,1
0.8,22.52,1252.5,6900,113,0.0,0,0,57.5,1.0,0,0,0,0,0,1,0,1,0,0,0,46.0,1
0.8,22.94,1252.5,3060,113,0.0,0,0,58.5,1.0,0,0,0,0,0,1,0,1,0,0,0,46.800000000000004,1
0.75,3.94,1039.0,2280,0,0.0,0,0,19.0,0.950438596,0,0,0,0,1,0,0,1,0,0,0,14.25,1
0.8,22.52,1124.0,6840,100,0.0,0,0,57.0,0.950185965,0,0,0,0,0,1,0,1,0,0,0,45.6,1
0.8,3.94,1039.0,1200,0,0.0,0,0,10.0,0.912766667,0,0,0,0,1,0,0,1,0,0,0,8.0,1
0.7,3.94,1039.0,2160,0,0.0,0,0,18.0,0.892194444,0,0,0,0,1,0,0,1,0,0,0,12.6,1
0.8,3.94,1039.0,1200,0,0.0,0,0,10.0,0.8865,0,0,0,0,1,0,0,1,0,0,0,8.0,1
0.8,22.52,1252.5,6720,75,0.0,0,0,56.0,0.850532143,0,0,0,0,0,1,0,1,0,0,0,44.800000000000004,1
0.8,22.52,1252.5,7020,60,0.0,0,0,58.5,0.85011396,0,0,0,0,0,1,0,1,0,0,0,46.800000000000004,1
0.8,4.3,1039.0,1440,0,0.0,0,0,12.0,0.845069444,0,0,0,0,1,0,0,1,0,0,0,9.600000000000001,1
0.75,29.12,1252.5,6960,45,0.0,0,0,58.0,0.750593103,0,0,0,0,0,1,0,1,0,0,0,43.5,1
0.75,15.26,1252.5,1440,45,0.0,0,0,35.0,0.750450658,0,0,0,0,0,1,0,1,0,0,0,26.25,1
0.75,4.08,1039.0,1080,0,0.0,0,0,9.0,0.702666667,0,0,0,0,1,0,0,1,0,0,0,6.75,1
0.7,20.1,1192.0,6120,75,0.0,0,0,54.0,0.700508929,0,0,0,0,0,1,0,1,0,0,0,37.8,1
0.65,18.79,881.0,3960,26,0.0,0,0,33.0,0.651007071,0,0,0,0,0,1,0,1,0,0,0,21.45,1
0.6,24.26,1196.0,6600,0,0.0,0,0,55.0,0.466821212,0,0,0,0,0,1,0,1,0,0,0,33.0,1
0.7,24.26,1252.5,6720,0,0.0,0,0,56.0,0.411553571,0,0,0,0,0,1,0,1,0,0,0,39.199999999999996,1
0.6,2.9,1039.0,1200,0,0.0,0,0,10.0,0.314166667,0,0,0,0,1,0,0,1,0,0,0,6.0,1
0.8,22.94,1252.5,7020,113,0.0,0,0,58.5,1.0,0,0,0,0,0,1,0,0,0,0,0,46.800000000000004,1
0.75,3.94,1039.0,960,0,0.0,0,0,8.0,0.994270833,0,0,0,0,1,0,0,0,0,0,0,6.0,1
0.8,22.52,1252.5,7020,88,0.0,0,0,58.5,0.900158405,0,0,0,0,0,1,0,0,0,0,0,46.800000000000004,1
0.8,22.52,1252.5,6840,70,0.0,0,0,57.0,0.90014152,0,0,0,0,0,1,0,0,0,0,0,45.6,1
0.8,22.52,1252.5,6720,88,0.0,0,0,56.0,0.900129762,0,0,0,0,0,1,0,0,0,0,0,44.800000000000004,1
0.8,3.94,1039.0,1200,0,0.0,0,0,10.0,0.85695,0,0,0,0,1,0,0,0,0,0,0,8.0,1
0.8,4.3,1039.0,1440,0,0.0,0,0,12.0,0.809236111,0,0,0,0,1,0,0,0,0,0,0,9.600000000000001,1
0.8,15.26,1252.5,3600,63,0.0,0,0,35.0,0.800401961,0,0,0,0,0,1,0,0,0,0,0,28.0,1
0.8,22.52,1252.5,5940,50,0.0,0,0,56.5,0.800393224,0,0,0,0,0,1,0,0,0,0,0,45.2,1
0.75,29.12,1252.5,6960,55,0.0,0,0,58.0,0.799963218,0,0,0,0,0,1,0,0,0,0,0,43.5,1
0.75,4.08,1039.0,1080,0,0.0,0,0,9.0,0.740444444,0,0,0,0,1,0,0,0,0,0,0,6.75,1
0.7,20.55,1252.5,6480,60,0.0,0,0,54.0,0.700398148,0,0,0,0,0,1,0,0,0,0,0,37.8,1
0.7,18.79,1252.5,3960,30,0.0,0,0,33.0,0.700354545,0,0,0,0,0,1,0,0,0,0,0,23.099999999999998,1
0.65,4.15,1039.0,960,0,0.0,0,0,8.0,0.561979167,0,0,0,0,1,0,0,0,0,0,0,5.2,1
0.75,3.94,1039.0,2280,0,0.0,0,0,19.0,0.504596491,0,0,0,0,1,0,0,0,0,0,0,14.25,1
0.5,30.1,839.0,6960,0,0.0,0,0,58.0,0.500801724,0,0,0,0,0,1,0,0,0,0,0,29.0,1
0.7,24.26,1252.5,6720,0,0.0,0,0,56.0,0.295307738,0,0,0,0,0,1,0,0,0,0,0,39.199999999999996,1
0.6,2.9,1039.0,1200,0,0.0,0,0,10.0,0.280333333,0,0,0,0,1,0,0,0,0,0,0,6.0,1
0.65,24.26,1252.5,6600,0,0.0,0,0,55.0,0.260978788,0,0,0,0,0,1,0,0,0,0,0,35.75,1
0.8,3.94,1039.0,2400,0,0.0,0,0,20.0,1.0,0,0,0,0,1,0,0,0,0,1,0,16.0,1
0.8,22.52,1252.5,6900,113,0.0,0,0,57.5,1.0,0,0,0,0,0,1,0,0,0,1,0,46.0,1
0.8,22.52,1188.0,6720,90,0.0,0,0,56.0,0.999995238,0,0,0,0,0,1,0,0,0,1,0,44.800000000000004,1
0.8,3.94,1039.0,1200,0,0.0,0,0,10.0,0.99485,0,0,0,0,1,0,0,0,0,1,0,8.0,1
0.7,4.15,1039.0,960,0,0.0,0,0,8.0,0.976979167,0,0,0,0,1,0,0,0,0,1,0,5.6,1
0.8,22.52,1112.0,6840,100,0.0,0,0,57.0,0.950185965,0,0,0,0,0,1,0,0,0,1,0,45.6,1
0.8,22.52,1252.5,6960,100,0.0,0,0,58.0,0.949981609,0,0,0,0,0,1,0,0,0,1,0,46.400000000000006,1
0.75,3.94,1039.0,1320,0,0.0,0,0,11.0,0.919954545,0,0,0,0,1,0,0,0,0,1,0,8.25,1
0.8,22.52,340.0,5460,63,0.0,0,0,56.5,0.800434622,0,0,0,0,0,1,0,0,0,1,0,45.2,1
0.8,15.26,1029.0,2040,50,0.0,0,0,35.0,0.800259023,0,0,0,0,0,1,0,0,0,1,0,28.0,1
0.8,4.08,1039.0,1080,0,0.0,0,0,9.0,0.778222222,0,0,0,0,1,0,0,0,0,1,0,7.2,1
0.75,29.12,1070.0,6960,34,0.0,0,0,58.0,0.750593103,0,0,0,0,0,1,0,0,0,1,0,43.5,1
0.7,25.31,946.0,5760,60,0.0,0,0,54.0,0.700513566,0,0,0,0,0,1,0,0,0,1,0,37.8,1
0.7,18.79,913.0,4020,30,0.0,0,0,33.5,0.700184577,0,0,0,0,0,1,0,0,0,1,0,23.45,1
0.7,24.26,1252.5,6660,0,0.0,0,0,55.5,0.586465465,0,0,0,0,0,1,0,0,0,1,0,38.849999999999994,1
0.7,24.26,1252.5,6720,0,0.0,0,0,56.0,0.541517857,0,0,0,0,0,1,0,0,0,1,0,39.199999999999996,1
0.8,4.3,1039.0,1440,0,0.0,0,0,12.0,0.5375,0,0,0,0,1,0,0,0,0,1,0,9.600000000000001,1
0.7,2.9,1039.0,960,0,0.0,0,0,8.0,0.495416667,0,0,0,0,1,0,0,0,0,1,0,5.6,1
0.6,30.1,415.0,6960,0,0.0,0,0,58.0,0.415172414,0,0,0,0,0,1,0,0,0,1,0,34.8,1
0.8,22.52,1252.5,6900,100,0.0,0,0,57.5,1.0,0,0,0,0,0,1,0,0,0,0,1,46.0,1
0.8,22.52,968.0,6840,113,0.0,0,0,57.0,1.0,0,0,0,0,0,1,0,0,0,0,1,45.6,1
0.8,22.52,1108.0,6720,113,0.0,0,0,56.0,0.999995238,0,0,0,0,0,1,0,0,0,0,1,44.800000000000004,1
0.8,3.94,1039.0,2160,0,0.0,0,0,18.0,0.966759259,0,0,0,0,0,0,0,0,0,0,1,14.4,1
0.8,3.94,1039.0,1200,0,0.0,0,0,10.0,0.929183333,0,0,0,0,0,0,0,0,0,0,1,8.0,1
0.7,4.15,1039.0,3000,0,0.0,0,0,25.0,0.915766667,0,0,0,0,0,0,0,0,0,0,1,17.5,1
0.8,22.52,1252.5,6900,88,0.0,0,0,57.5,0.900147246,0,0,0,0,0,1,0,0,0,0,1,46.0,1
0.8,15.26,1094.0,4080,38,0.0,0,0,34.0,0.800401961,0,0,0,0,0,1,0,0,0,0,1,27.200000000000003,1
0.8,22.52,1086.0,6960,50,0.0,0,0,58.0,0.799963218,0,0,0,0,0,1,0,0,0,0,1,46.400000000000006,1
0.7,3.94,1039.0,960,0,0.0,0,0,8.0,0.779791667,0,0,0,0,0,0,0,0,0,0,1,5.6,1
0.75,3.94,1039.0,960,0,0.0,0,0,8.0,0.755166667,0,0,0,0,0,0,0,0,0,0,1,6.0,1
0.7,18.79,941.0,3360,30,0.0,0,0,33.0,0.700710417,0,0,0,0,0,1,0,0,0,0,1,23.099999999999998,1
0.7,24.26,1252.5,6960,0,0.0,0,0,58.0,0.700612069,0,0,0,0,0,1,0,0,0,0,1,40.599999999999994,1
0.7,10.05,1042.0,6120,60,0.0,0,0,53.0,0.700278846,0,0,0,0,0,1,0,0,0,0,1,37.099999999999994,1
0.7,29.12,1248.0,6840,0,0.0,0,0,57.0,0.700135088,0,0,0,0,0,1,0,0,0,0,1,39.9,1
0.8,4.08,1039.0,1080,0,0.0,0,0,9.0,0.687555556,0,0,0,0,1,0,0,0,0,0,1,7.2,1
0.65,30.1,326.0,5820,0,0.0,0,0,58.5,0.650834808,0,0,0,0,0,1,0,0,0,0,1,38.025,1
0.7,2.9,1039.0,960,0,0.0,0,0,8.0,0.531666667,0,0,0,0,0,0,0,0,0,0,1,5.6,1
0.35,30.1,287.0,6060,23,0.0,0,0,55.5,0.350706422,0,0,0,0,0,1,0,0,0,0,1,19.424999999999997,1
0.8,22.52,1252.5,6780,113,0.0,0,0,56.5,1.0,0,0,0,0,0,1,0,0,1,0,0,45.2,1
0.8,22.52,1252.5,6900,113,0.0,0,0,57.5,1.0,0,0,0,0,0,1,0,0,1,0,0,46.0,1
0.8,22.52,1039.0,6720,113,0.0,0,0,56.0,0.999995238,0,0,0,0,0,1,0,0,1,0,0,44.800000000000004,1
0.8,3.94,1039.0,2640,0,0.0,0,0,22.0,0.999924242,0,0,0,0,0,0,0,0,1,0,0,17.6,1
0.8,22.52,1063.0,6840,100,0.0,0,0,57.0,0.950185965,0,0,0,0,0,1,0,0,1,0,0,45.6,1
0.7,2.9,1039.0,960,0,0.0,0,0,8.0,0.9425,0,0,0,0,0,0,0,0,1,0,0,5.6,1
0.8,4.08,1039.0,1080,0,0.0,0,0,9.0,0.906666667,0,0,0,0,0,0,0,0,1,0,0,7.2,1
0.7,3.94,1039.0,1200,0,0.0,0,0,10.0,0.8471,0,0,0,0,0,0,0,0,1,0,0,7.0,1
0.8,3.94,1039.0,1440,0,0.0,0,0,12.0,0.845458333,0,0,0,0,0,0,0,0,1,0,0,9.600000000000001,1
0.8,15.26,1083.0,720,38,0.0,0,0,34.0,0.800612676,0,0,0,0,0,1,0,0,1,0,0,27.200000000000003,1
0.8,29.12,1069.0,6960,50,0.0,0,0,58.0,0.799963218,0,0,0,0,0,1,0,0,1,0,0,46.400000000000006,1
0.8,3.94,1039.0,960,0,0.0,0,0,8.0,0.771583333,0,0,0,0,0,0,0,0,1,0,0,6.4,1
0.75,10.05,668.0,2520,34,0.0,0,0,26.0,0.7504,0,0,0,0,0,1,0,0,1,0,0,19.5,1
0.7,18.79,766.0,2760,30,0.0,0,0,33.0,0.700079032,0,0,0,0,0,1,0,0,1,0,0,23.099999999999998,1
0.7,30.1,557.0,6960,0,0.0,0,0,58.0,0.562212644,0,0,0,0,0,1,0,0,1,0,0,40.599999999999994,1
0.07,24.26,1252.5,6960,0,0.0,0,0,58.0,0.522844828,0,0,0,0,0,1,0,0,1,0,0,4.0600000000000005,1
0.5,30.1,417.0,6360,23,0.0,0,1,53.0,0.500720126,0,0,0,0,0,1,0,0,1,0,0,26.5,1
0.7,24.26,1167.0,6840,0,0.0,0,0,57.0,0.496549708,0,0,0,0,0,1,0,0,1,0,0,39.9,1
0.8,3.94,1039.0,3000,0,0.0,0,0,25.0,1.0,0,0,0,0,0,0,1,0,0,0,0,20.0,1
0.8,22.52,1186.0,6900,113,0.0,0,0,58.0,1.0,0,0,0,0,0,1,1,0,0,0,0,46.400000000000006,1
0.8,22.52,1060.0,6840,100,0.0,0,0,57.0,0.950185965,0,0,0,0,0,1,1,0,0,0,0,45.6,1
0.8,22.52,1252.5,6780,88,0.0,0,0,57.0,0.900135693,0,0,0,0,0,1,1,0,0,0,0,45.6,1
0.8,22.52,1142.0,6720,88,0.0,0,0,56.0,0.900129762,0,0,0,0,0,1,1,0,0,0,0,44.800000000000004,1
0.8,4.08,1039.0,1080,0,0.0,0,0,9.0,0.899111111,0,0,0,0,0,0,1,0,0,0,0,7.2,1
0.8,3.94,1039.0,1200,0,0.0,0,0,10.0,0.870083333,0,0,0,0,0,0,1,0,0,0,0,8.0,1
0.75,2.9,1039.0,960,0,0.0,0,0,8.0,0.845833333,0,0,0,0,0,0,1,0,0,0,0,6.0,1
0.8,15.26,1021.0,4080,63,0.0,0,0,34.0,0.800401961,0,0,0,0,0,1,1,0,0,0,0,27.200000000000003,1
0.8,29.12,829.0,6960,50,0.0,0,0,58.0,0.799963218,0,0,0,0,0,1,1,0,0,0,0,46.400000000000006,1
0.8,3.94,1039.0,960,0,0.0,0,0,8.0,0.771583333,0,0,0,0,0,0,1,0,0,0,0,6.4,1
0.75,18.79,813.0,1560,34,0.0,0,0,33.0,0.750520115,0,0,0,0,0,1,1,0,0,0,0,24.75,1
0.75,10.05,677.0,3240,45,0.0,0,0,27.0,0.750027778,0,0,0,0,0,1,1,0,0,0,0,20.25,1
0.7,3.94,1039.0,1200,0,0.0,0,0,10.0,0.715766667,0,0,0,0,0,0,1,0,0,0,0,7.0,1
0.7,24.26,658.0,6960,0,0.0,0,0,58.0,0.662270115,0,0,0,0,0,1,1,0,0,0,0,40.599999999999994,1
0.6,30.1,486.0,6780,30,0.0,0,1,57.0,0.600224189,0,0,0,0,0,1,1,0,0,0,0,34.199999999999996,1
0.7,30.1,687.0,7500,0,0.0,0,0,59.0,0.545657673,0,0,0,0,0,1,1,0,0,0,0,41.3,1
0.8,4.3,1039.0,960,0,0.0,0,0,8.0,0.447916667,0,0,0,0,0,0,1,0,0,0,0,6.4,1
0.7,24.26,652.0,6840,0,0.0,0,0,57.0,0.365318713,0,0,0,0,0,1,1,0,0,0,0,39.9,1
0.8,22.52,1233.0,6900,113,0.0,0,0,57.5,1.0,1,0,0,0,0,1,0,1,0,0,0,46.0,1
0.7,4.15,1039.0,1440,0,0.0,0,0,12.0,0.928680556,1,0,0,0,0,0,0,1,0,0,0,8.399999999999999,1
0.8,22.52,1252.5,6720,88,0.0,0,0,56.0,0.9008,1,0,0,0,0,1,0,1,0,0,0,44.800000000000004,1
0.8,22.52,1252.5,6780,88,0.0,0,0,56.5,0.900135693,1,0,0,0,0,1,0,1,0,0,0,45.2,1
0.8,22.52,1252.5,6720,88,0.0,0,0,56.0,0.900129762,1,0,0,0,0,1,0,1,0,0,0,44.800000000000004,1
0.8,3.94,1039.0,1200,0,0.0,0,0,10.0,0.893066667,1,0,0,0,0,0,0,1,0,0,0,8.0,1
0.8,4.08,1039.0,1080,0,0.0,0,0,9.0,0.891555556,1,0,0,0,0,0,0,1,0,0,0,7.2,1
0.8,3.94,1039.0,2160,0,0.0,0,0,18.0,0.875555556,1,0,0,0,0,0,0,1,0,0,0,14.4,1
0.7,4.15,1039.0,1800,0,0.0,0,0,15.0,0.840888889,1,0,0,0,0,0,0,1,0,0,0,10.5,1
0.8,15.26,1026.0,2880,63,0.0,0,0,34.0,0.800355208,1,0,0,0,0,1,0,1,0,0,0,27.200000000000003,1
0.8,29.12,909.0,6960,50,0.0,0,0,58.0,0.799963218,1,0,0,0,0,1,0,1,0,0,0,46.400000000000006,1
0.75,18.79,670.0,3960,34,0.0,0,0,33.0,0.75065101,1,0,0,0,0,1,0,1,0,0,0,24.75,1
0.75,10.05,629.0,3240,45,0.0,0,0,27.0,0.750027778,1,0,0,0,0,1,0,1,0,0,0,20.25,1
0.7,30.1,754.0,7020,0,0.0,0,0,58.5,0.700618234,1,0,0,0,0,1,0,1,0,0,0,40.949999999999996,1
0.75,2.9,1039.0,960,0,0.0,0,0,8.0,0.610208333,1,0,0,0,0,0,0,1,0,0,0,6.0,1
0.8,3.94,1039.0,960,0,0.0,0,0,8.0,0.607416667,1,0,0,0,0,0,0,1,0,0,0,6.4,1
0.65,30.1,712.0,6780,44,0.0,0,1,56.5,0.568259587,1,0,0,0,0,1,0,1,0,0,0,36.725,1
0.7,24.26,148.0,6960,0,0.0,0,0,58.0,0.355534483,1,0,0,0,0,1,0,1,0,0,0,40.599999999999994,1
0.7,24.26,154.0,6840,0,0.0,0,0,57.0,0.353259649,1,0,0,0,0,1,0,1,0,0,0,39.9,1
0.8,3.94,1039.0,2160,0,0.0,0,0,18.0,1.0,1,0,0,0,0,0,0,0,0,0,0,14.4,1
0.8,3.94,1039.0,1200,0,0.0,0,0,10.0,0.962016667,1,0,0,0,0,0,0,0,0,0,0,8.0,1
0.8,22.52,1127.0,120,88,0.0,0,0,56.0,0.9008,1,0,0,0,0,1,0,0,0,0,0,44.800000000000004,1
0.8,22.52,1252.5,3600,70,0.0,0,0,57.0,0.900509044,1,0,0,0,0,1,0,0,0,0,0,45.6,1
0.8,22.52,1252.5,360,70,0.0,0,0,57.0,0.900477825,1,0,0,0,0,1,0,0,0,0,0,45.6,1
0.75,2.9,1039.0,960,0,0.0,0,0,8.0,0.888125,1,0,0,0,0,0,0,0,0,0,0,6.0,1
0.8,15.26,970.0,4080,63,0.0,0,0,34.0,0.800401961,1,0,0,0,0,1,0,0,0,0,0,27.200000000000003,1
0.8,22.52,1252.5,5400,50,0.0,0,0,57.0,0.800161172,1,0,0,0,0,1,0,0,0,0,0,45.6,1
0.8,29.12,1073.0,6960,50,0.0,0,0,58.0,0.799963218,1,0,0,0,0,1,0,0,0,0,0,46.400000000000006,1
0.7,30.1,767.0,3300,50,0.0,0,1,57.0,0.790003236,1,0,0,0,0,1,0,0,0,0,0,39.9,1
0.75,10.05,103.0,0,45,0.0,0,0,54.0,0.750648148,1,0,0,0,0,1,0,0,0,0,0,40.5,0
0.35,4.15,1039.0,1800,0,0.0,0,0,15.0,0.707111111,1,0,0,0,0,0,0,0,0,0,0,5.25,1
0.7,30.1,773.0,7020,40,0.0,0,0,58.0,0.700618234,1,0,0,0,0,1,0,0,0,0,0,40.599999999999994,1
0.8,3.94,1039.0,960,0,0.0,0,0,8.0,0.697708333,1,0,0,0,0,0,0,0,0,0,0,6.4,1
0.75,18.79,708.0,4080,0,0.0,0,0,34.0,0.612517157,1,0,0,0,0,1,0,0,0,0,0,25.5,1
0.35,30.1,842.0,6960,0,0.0,0,1,58.0,0.350301724,1,0,0,0,0,1,0,0,0,0,0,20.299999999999997,1
0.35,30.1,901.0,6960,0,0.0,0,1,58.0,0.350301724,1,0,0,0,0,1,0,0,0,0,0,20.299999999999997,1
0.8,4.08,1039.0,1080,0,0.0,0,0,9.0,0.272,1,0,0,0,0,0,0,0,0,0,0,7.2,1
0.8,4.08,1039.0,1080,0,0.0,0,0,9.0,1.0,1,0,0,0,0,0,0,0,0,1,0,7.2,1
0.8,3.94,1039.0,2160,0,0.0,0,0,18.0,0.966759259,1,0,0,0,0,0,0,0,0,1,0,14.4,1
0.8,22.52,1252.5,0,88,0.0,0,0,56.0,0.90063244,1,0,0,0,0,1,0,0,0,1,0,44.800000000000004,0
0.8,22.52,1252.5,0,88,0.0,0,0,57.0,0.90047076,1,0,0,0,0,1,0,0,0,1,0,45.6,0
0.8,22.52,813.0,0,88,0.0,0,0,57.0,0.90047076,1,0,0,0,0,1,0,0,0,1,0,45.6,0
0.8,22.52,1252.5,0,88,0.0,0,0,57.0,0.899984058,1,0,0,0,0,1,0,0,0,1,0,45.6,0
0.8,3.94,1039.0,1440,0,0.0,0,0,12.0,0.853666667,1,0,0,0,0,0,0,0,0,1,0,9.600000000000001,1
0.8,29.12,1252.5,2160,38,0.0,0,0,58.0,0.8008,1,0,0,0,0,1,0,0,0,1,0,46.400000000000006,1
0.8,15.26,900.0,4080,50,0.0,0,0,34.0,0.800401961,1,0,0,0,0,1,0,0,0,1,0,27.200000000000003,1
0.7,4.15,1039.0,1800,0,0.0,0,0,15.0,0.796755556,1,0,0,0,0,0,0,0,0,1,0,10.5,1
0.75,18.79,640.0,2400,0,0.0,0,0,34.0,0.750797009,1,0,0,0,0,1,0,0,0,1,0,25.5,1
0.8,10.05,13.0,3240,34,0.0,0,0,54.0,0.750648148,1,0,0,0,0,1,0,0,0,1,0,43.2,1
0.75,30.1,855.0,7020,45,0.0,0,0,58.0,0.750356125,1,0,0,0,0,1,0,0,0,1,0,43.5,1
0.35,4.15,1039.0,960,0,0.0,0,0,8.0,0.703770833,1,0,0,0,0,0,0,0,0,1,0,2.8,1
0.7,30.1,855.0,7020,40,0.0,0,1,58.0,0.700618234,1,0,0,0,0,1,0,0,0,1,0,40.599999999999994,1
0.8,3.94,1039.0,960,0,0.0,0,0,8.0,0.6895,1,0,0,0,0,0,0,0,0,1,0,6.4,1
0.75,2.9,1039.0,960,0,0.0,0,0,8.0,0.628333333,1,0,0,0,0,0,0,0,0,1,0,6.0,1
0.5,30.1,1025.0,6960,23,0.0,0,1,58.0,0.500801724,1,0,0,0,0,1,0,0,0,1,0,29.0,1
0.5,30.1,1061.0,6960,30,0.0,0,1,58.0,0.393548851,1,0,0,0,0,1,0,0,0,1,0,29.0,1
0.7,4.15,1039.0,1800,0,0.0,0,0,15.0,1.0,1,0,0,0,0,0,0,0,0,0,1,10.5,1
0.8,4.08,1039.0,1080,0,0.0,0,0,9.0,1.0,1,0,0,0,0,0,0,0,0,0,1,7.2,1
0.8,22.52,1252.5,0,90,0.0,0,0,57.5,1.0,1,0,0,0,0,1,0,0,0,0,1,46.0,0
0.8,22.52,1252.5,0,113,0.0,0,0,57.0,1.0,1,0,0,0,0,1,0,0,0,0,1,45.6,0
0.35,4.15,1039.0,1440,0,0.0,0,0,12.0,0.994375,1,0,0,0,0,0,0,0,0,0,1,4.199999999999999,1
0.8,3.94,1039.0,2160,0,0.0,0,0,18.0,0.912037037,1,0,0,0,0,0,0,0,0,0,1,14.4,1
0.7,4.15,1039.0,240,0,0.0,0,0,2.0,0.87,1,0,0,0,0,0,0,0,0,0,1,1.4,1
0.8,22.52,598.0,0,75,0.0,0,0,56.0,0.850364583,1,0,0,0,0,1,0,0,0,0,1,44.800000000000004,0
0.8,18.79,656.0,3480,38,0.0,0,0,34.0,0.800947475,1,0,0,0,0,1,0,0,0,0,1,27.200000000000003,1
0.8,15.26,854.0,4080,50,0.0,0,0,34.0,0.800401961,1,0,0,0,0,1,0,0,0,0,1,27.200000000000003,1
0.8,29.12,609.0,3240,50,0.0,0,0,58.0,0.800144144,1,0,0,0,0,1,0,0,0,0,1,46.400000000000006,1
0.75,30.1,788.0,7380,56,0.0,0,0,59.5,0.750406233,1,0,0,0,0,1,0,0,0,0,1,44.625,1
0.6,30.1,1069.0,4560,30,0.0,0,1,58.0,0.714410494,1,0,0,0,0,1,0,0,0,0,1,34.8,1
0.7,30.1,667.0,5940,40,0.0,0,1,59.5,0.700588406,1,0,0,0,0,1,0,0,0,0,1,41.65,1
0.8,3.94,1039.0,1440,0,0.0,0,0,12.0,0.618361111,1,0,0,0,0,0,0,0,0,0,1,9.600000000000001,1
0.6,30.1,829.0,3360,23,0.0,0,1,58.0,0.600070513,1,0,0,0,0,1,0,0,0,0,1,34.8,1
0.8,3.94,1039.0,960,0,0.0,0,0,8.0,0.54175,1,0,0,0,0,0,0,0,0,0,1,6.4,1
0.8,22.52,11.0,6840,0,0.0,0,1,57.0,0.536901754,1,0,0,0,0,1,0,0,0,0,1,45.6,1
0.35,11.41,434.0,3240,0,0.0,0,1,52.0,0.507903226,1,0,0,0,0,1,0,0,0,0,1,18.2,1
0.8,22.52,1252.5,0,125,0.0,0,0,57.0,1.0,1,0,0,0,0,1,0,0,1,0,0,45.6,0
0.7,4.15,1039.0,1800,0,0.0,0,0,15.0,1.0,1,0,0,0,0,0,0,0,1,0,0,10.5,1
0.8,22.52,1252.5,0,113,0.0,0,0,57.5,1.0,1,0,0,0,0,1,0,0,1,0,0,46.0,0
0.8,4.08,1039.0,1080,0,0.0,0,0,9.0,0.838666667,1,0,0,0,0,0,0,0,1,0,0,7.2,1
0.8,15.26,894.0,4080,50,0.0,0,0,34.0,0.800401961,1,0,0,0,0,1,0,0,1,0,0,27.200000000000003,1
0.35,4.15,1039.0,1440,0,0.0,0,0,12.0,0.755486111,1,0,0,0,0,0,0,0,1,0,0,4.199999999999999,1
0.75,30.1,610.0,7080,56,0.0,0,0,59.0,0.750799435,1,0,0,0,0,1,0,0,1,0,0,44.25,1
0.8,18.79,779.0,3960,0,0.0,0,0,33.0,0.688017677,1,0,0,0,0,1,0,0,1,0,0,26.400000000000002,1
0.8,3.94,1039.0,1440,0,0.0,0,0,12.0,0.664875,1,0,0,0,0,0,0,0,1,0,0,9.600000000000001,1
0.8,3.94,1039.0,960,0,0.0,0,0,8.0,0.656666667,1,0,0,0,0,0,0,0,1,0,0,6.4,1
0.7,30.1,419.0,7080,0,0.0,0,1,59.0,0.637711864,1,0,0,0,0,1,0,0,1,0,0,41.3,1
0.8,3.94,1039.0,2160,0,0.0,0,0,18.0,0.601944444,1,0,0,0,0,0,0,0,1,0,0,14.4,1
0.7,4.15,1039.0,240,0,0.0,0,0,2.0,0.58,1,0,0,0,0,0,0,0,1,0,0,1.4,1
0.65,30.1,909.0,7080,0,0.0,0,1,59.0,0.535677966,1,0,0,0,0,1,0,0,1,0,0,38.35,1
0.5,11.41,1039.0,2280,0,0.0,0,2,55.0,0.50012336,1,0,0,0,0,1,0,0,1,0,0,27.5,1
0.8,29.12,14.0,6960,0,0.0,0,0,58.0,0.497885057,1,0,0,0,0,1,0,0,1,0,0,46.400000000000006,1
0.65,30.1,1193.0,7080,0,0.0,0,1,59.0,0.463403955,1,0,0,0,0,1,0,0,1,0,0,38.35,1
0.8,22.52,10.0,6000,0,0.0,0,0,50.0,0.441392,1,0,0,0,0,1,0,0,1,0,0,40.0,1
0.35,30.1,770.0,6960,0,0.0,0,1,58.0,0.350301724,1,0,0,0,0,1,0,0,1,0,0,20.299999999999997,1
0.8,22.52,1252.5,6840,113,0.0,0,0,57.0,1.0,1,0,0,0,0,1,1,0,0,0,0,45.6,1
0.7,4.15,1039.0,1800,0,0.0,0,0,15.0,0.929277778,1,0,0,0,0,0,1,0,0,0,0,10.5,1
0.75,4.15,1039.0,2400,0,0.0,0,0,20.0,0.902916667,1,0,0,0,0,0,1,0,0,0,0,15.0,1
0.8,4.08,1039.0,1080,0,0.0,0,0,9.0,0.800888889,1,0,0,0,0,0,1,0,0,0,0,7.2,1
0.8,15.26,942.0,4080,63,0.0,0,0,34.0,0.800401961,1,0,0,0,0,1,1,0,0,0,0,27.200000000000003,1
0.8,22.52,674.0,3660,63,0.0,0,0,57.0,0.80037492,1,0,0,0,0,1,1,0,0,0,0,45.6,1
0.8,3.94,1039.0,1440,0,0.0,0,0,12.0,0.796208333,1,0,0,0,0,0,1,0,0,0,0,9.600000000000001,1
0.75,30.1,481.0,7140,0,0.0,0,1,59.0,0.750392157,1,0,0,0,0,1,1,0,0,0,0,44.25,1
0.75,30.1,664.0,7140,56,0.0,0,0,59.0,0.750392157,1,0,0,0,0,1,1,0,0,0,0,44.25,1
0.7,4.15,1039.0,960,0,0.0,0,0,8.0,0.725625,1,0,0,0,0,0,1,0,0,0,0,5.6,1
0.7,30.1,824.0,5160,0,0.0,0,1,60.0,0.700206125,1,0,0,0,0,1,1,0,0,0,0,42.0,1
0.7,30.1,957.0,7200,0,0.0,0,1,60.0,0.602,1,0,0,0,0,1,1,0,0,0,0,42.0,1
0.6,11.41,1039.0,2280,23,0.0,0,2,55.0,0.600447507,1,0,0,0,0,1,1,0,0,0,0,33.0,1
0.8,18.79,822.0,4080,0,0.0,0,0,34.0,0.557252451,1,0,0,0,0,1,1,0,0,0,0,27.200000000000003,1
0.5,30.1,1252.5,6960,30,0.0,0,1,58.0,0.500801724,1,0,0,0,0,1,1,0,0,0,0,29.0,1
0.8,2.9,1039.0,960,0,0.0,0,0,8.0,0.483333333,1,0,0,0,0,0,1,0,0,0,0,6.4,1
0.8,3.94,1039.0,960,0,0.0,0,0,8.0,0.238041667,1,0,0,0,0,0,1,0,0,0,0,6.4,1
0.8,3.94,1039.0,960,0,0.0,0,0,8.0,1.0,0,1,0,0,0,0,0,1,0,0,0,6.4,1
0.8,3.94,1039.0,960,0,0.0,0,0,8.0,1.0,0,1,0,0,0,0,0,1,0,0,0,6.4,1
0.8,22.52,1252.5,6840,113,0.0,0,0,57.0,1.0,0,1,0,0,0,1,0,1,0,0,0,45.6,1
0.8,4.08,1039.0,1080,0,0.0,0,0,9.0,0.876444444,0,1,0,0,0,0,0,1,0,0,0,7.2,1
0.8,15.26,1120.0,1440,50,0.0,0,0,34.0,0.800806306,0,1,0,0,0,1,0,1,0,0,0,27.200000000000003,1
0.75,4.15,1039.0,240,0,0.0,0,0,2.0,0.760833333,0,1,0,0,0,0,0,1,0,0,0,1.5,1
0.8,30.1,679.0,7140,0,0.0,0,0,59.5,0.722568627,0,1,0,0,0,1,0,1,0,0,0,47.6,1
0.6,2.9,1039.0,1200,0,0.0,0,0,10.0,0.715333333,0,1,0,0,0,0,0,1,0,0,0,6.0,1
0.7,30.1,881.0,7080,0,0.0,0,1,59.0,0.700632768,0,1,0,0,0,1,0,1,0,0,0,41.3,1
0.7,30.1,507.0,5880,40,0.0,0,1,59.0,0.700573099,0,1,0,0,0,1,0,1,0,0,0,41.3,1
0.75,18.79,814.0,4080,0,0.0,0,0,34.0,0.681598039,0,1,0,0,0,1,0,1,0,0,0,25.5,1
0.65,11.41,700.0,2640,23,0.0,0,2,53.0,0.650223718,0,1,0,0,0,1,0,1,0,0,0,34.45,1
0.7,4.15,1039.0,960,0,0.0,0,0,8.0,0.605208333,0,1,0,0,0,0,0,1,0,0,0,5.6,1
0.8,2.9,1039.0,960,0,0.0,0,0,8.0,0.604166667,0,1,0,0,0,0,0,1,0,0,0,6.4,1
0.75,30.1,919.0,7140,0,0.0,0,1,59.5,0.598627451,0,1,0,0,0,1,0,1,0,0,0,44.625,1
0.6,30.1,1252.5,6960,30,0.0,0,1,58.0,0.475718391,0,1,0,0,0,1,0,1,0,0,0,34.8,1
0.8,22.52,12.0,6900,0,0.0,0,0,57.5,0.432122899,0,1,0,0,0,1,0,1,0,0,0,46.0,1
0.75,4.15,1039.0,2400,0,0.0,0,0,20.0,0.287041667,0,1,0,0,0,0,0,1,0,0,0,15.0,1
0.5,18.79,1252.5,5280,0,0.0,0,1,54.0,0.283054487,0,1,0,0,0,1,0,1,0,0,0,27.0,1
0.8,22.52,1252.5,6840,113,0.0,0,0,57.0,1.0,0,1,0,0,0,1,0,0,0,0,0,45.6,1
0.8,3.94,1039.0,1200,0,0.0,0,0,10.0,0.960433333,0,1,0,0,0,0,0,0,0,0,0,8.0,1
0.8,4.08,1039.0,1080,0,0.0,0,0,9.0,0.891555556,0,1,0,0,0,0,0,0,0,0,0,7.2,1
0.5,4.15,1039.0,960,0,0.0,0,0,8.0,0.864583333,0,1,0,0,0,0,0,0,0,0,0,4.0,1
0.65,30.1,1252.5,600,63,0.0,0,1,58.0,0.802243319,0,1,0,0,0,1,0,0,0,0,0,37.7,1
0.8,30.1,461.0,0,0,0.0,0,0,59.0,0.800980392,0,1,0,0,0,1,0,0,0,0,0,47.2,0
0.8,15.26,1079.0,3720,38,0.0,0,0,34.0,0.800312375,0,1,0,0,0,1,0,0,0,0,0,27.200000000000003,1
0.8,2.9,1039.0,960,0,0.0,0,0,8.0,0.773333333,0,1,0,0,0,0,0,0,0,0,0,6.4,1
0.75,18.79,895.0,3960,0,0.0,0,0,33.0,0.75065101,0,1,0,0,0,1,0,0,0,0,0,24.75,1
0.75,30.1,912.0,7020,0,0.0,0,1,58.0,0.750356125,0,1,0,0,0,1,0,0,0,0,0,43.5,1
0.75,4.15,1039.0,1800,0,0.0,0,0,15.0,0.722333333,0,1,0,0,0,0,0,0,0,0,0,11.25,1
0.7,30.1,784.0,600,30,0.0,0,1,59.0,0.700459889,0,1,0,0,0,1,0,0,0,0,0,41.3,1
0.75,4.15,1039.0,1200,0,0.0,0,0,10.0,0.629416667,0,1,0,0,0,0,0,0,0,0,0,7.5,1
0.7,30.1,7.0,7080,27,0.0,0,2,59.0,0.621971751,0,1,0,0,0,1,0,0,0,0,0,41.3,1
0.7,11.41,680.0,2160,30,0.0,0,2,54.0,0.565972222,0,1,0,0,0,1,0,0,0,0,0,37.8,1
0.6,18.22,1131.0,5280,0,0.0,0,1,44.0,0.35542803,0,1,0,0,0,1,0,0,0,0,0,26.4,1
0.6,18.79,1252.5,5400,0,0.0,0,1,54.0,0.329964879,0,1,0,0,0,1,0,0,0,0,0,32.4,1
0.7,4.15,1039.0,1800,0,0.0,0,0,15.0,0.258,0,1,0,0,0,0,0,0,0,0,0,10.5,1
0.8,22.52,1252.5,6840,113,0.0,0,0,57.0,1.0,0,1,0,0,0,1,0,0,0,1,0,45.6,1
0.8,3.94,1039.0,960,0,0.0,0,0,8.0,0.927541667,0,1,0,0,0,0,0,0,0,1,0,6.4,1
0.7,5.13,1039.0,1200,0,0.0,0,0,10.0,0.91375,0,1,0,0,0,0,0,0,0,1,0,7.0,1
0.8,5.13,1039.0,1080,0,0.0,0,0,9.0,0.9025,0,1,0,0,0,0,0,0,0,1,0,7.2,1
0.8,15.26,1133.0,4080,38,0.0,0,0,34.0,0.800401961,0,1,0,0,0,1,0,0,0,1,0,27.200000000000003,1
0.5,5.13,1039.0,1800,0,0.0,0,0,15.0,0.7866,0,1,0,0,0,0,0,0,0,1,0,7.5,1
0.75,18.79,726.0,3360,0,0.0,0,0,33.0,0.750621354,0,1,0,0,0,1,0,0,0,1,0,24.75,1
0.75,30.1,849.0,7020,45,0.0,0,1,58.0,0.750356125,0,1,0,0,0,1,0,0,0,1,0,43.5,1
0.8,2.9,1039.0,960,0,0.0,0,0,8.0,0.749166667,0,1,0,0,0,0,0,0,0,1,0,6.4,1
0.7,30.1,562.0,840,30,0.0,0,1,59.0,0.700888203,0,1,0,0,0,1,0,0,0,1,0,41.3,1
0.7,11.41,1054.0,3420,30,0.0,0,2,56.0,0.700614035,0,1,0,0,0,1,0,0,0,1,0,39.199999999999996,1
0.7,30.1,1252.5,6960,50,0.0,0,1,58.0,0.700603448,0,1,0,0,0,1,0,0,0,1,0,40.599999999999994,1
0.75,5.13,1039.0,960,0,0.0,0,0,8.0,0.656666667,0,1,0,0,0,0,0,0,0,1,0,6.0,1
0.8,30.1,680.0,7140,0,0.0,0,0,59.0,0.653431373,0,1,0,0,0,1,0,0,0,1,0,47.2,1
0.65,18.79,1252.5,5520,0,0.0,0,1,51.0,0.650134,0,1,0,0,0,1,0,0,0,1,0,33.15,1
0.6,29.4,179.0,0,23,0.0,0,2,58.0,0.600982906,0,1,0,0,0,1,0,0,0,1,0,34.8,0
0.8,3.94,1039.0,960,0,0.0,0,0,8.0,0.586041667,0,1,0,0,0,0,0,0,0,1,0,6.4,1
0.8,5.13,1039.0,1800,0,0.0,0,0,15.0,0.5814,0,1,0,0,0,0,0,0,0,1,0,12.0,1
0.5,30.33,838.0,6720,0,0.0,0,1,56.0,0.361071429,0,1,0,0,0,1,0,0,0,1,0,28.0,1
0.65,18.22,741.0,0,0,0.0,0,1,49.0,0.302117347,0,1,0,0,0,1,0,0,0,1,0,31.85,0
0.8,5.13,1039.0,1200,0,0.0,0,0,10.0,0.9918,0,1,0,0,0,0,0,0,0,0,1,8.0,1
0.8,2.9,1039.0,1440,0,0.0,0,0,12.0,0.936861111,0,1,0,0,0,0,0,0,0,0,1,9.600000000000001,1
0.8,5.13,1039.0,1440,0,0.0,0,0,12.0,0.919125,0,1,0,0,0,0,0,0,0,0,1,9.600000000000001,1
0.7,11.41,685.0,3360,30,0.0,0,2,56.0,0.8211125,0,1,0,0,0,1,0,0,0,0,1,39.199999999999996,1
0.8,30.1,864.0,480,50,0.0,0,1,58.0,0.800980392,0,1,0,0,0,1,0,0,0,0,1,46.400000000000006,1
0.8,30.1,511.0,0,0,0.0,0,0,59.0,0.800980392,0,1,0,0,0,1,0,0,0,0,1,47.2,0
0.8,15.26,1095.0,4080,63,0.0,0,0,34.0,0.800401961,0,1,0,0,0,1,0,0,0,0,1,27.200000000000003,1
0.8,22.52,1252.5,3960,63,0.0,0,0,57.0,0.800279693,0,1,0,0,0,1,0,0,0,0,1,45.6,1
0.75,18.79,759.0,3960,34,0.0,0,0,33.0,0.75065101,0,1,0,0,0,1,0,0,0,0,1,24.75,1
0.75,30.1,553.0,2280,45,0.0,0,1,59.0,0.75053268,0,1,0,0,0,1,0,0,0,0,1,44.25,1
0.75,5.13,1039.0,960,0,0.0,0,0,8.0,0.734645833,0,1,0,0,0,0,0,0,0,0,1,6.0,1
0.7,30.1,1057.0,0,40,0.0,0,1,58.0,0.700603448,0,1,0,0,0,1,0,0,0,0,1,40.599999999999994,0
0.7,18.79,1252.5,4560,30,0.0,0,1,51.0,0.70009573,0,1,0,0,0,1,0,0,0,0,1,35.699999999999996,1
0.7,5.13,1039.0,960,0,0.0,0,0,8.0,0.671875,0,1,0,0,0,0,0,0,0,0,1,5.6,1
0.8,3.94,1039.0,960,0,0.0,0,0,8.0,0.64025,0,1,0,0,0,0,0,0,0,0,1,6.4,1
0.7,5.13,1039.0,960,0,0.0,0,0,8.0,0.58,0,1,0,0,0,0,0,0,0,0,1,5.6,1
0.8,3.94,1039.0,960,0,0.0,0,0,8.0,0.549791667,0,1,0,0,0,0,0,0,0,0,1,6.4,1
0.6,30.33,868.0,6840,0,0.0,0,1,57.0,0.328131579,0,1,0,0,0,1,0,0,0,0,1,34.199999999999996,1
0.7,19.68,1119.0,5640,0,0.0,0,1,47.0,0.303574468,0,1,0,0,0,1,0,0,0,0,1,32.9,1
0.5,5.13,1039.0,960,0,0.0,0,0,8.0,0.2565,0,1,0,0,0,0,0,0,0,0,1,4.0,1
0.65,29.4,962.0,4560,0,0.0,0,2,57.0,0.251399254,0,1,0,0,0,1,0,0,0,0,1,37.050000000000004,1
0.5,5.13,1039.0,2880,0,0.0,0,0,12.0,0.81640625,0,1,0,0,0,0,0,0,1,0,0,6.0,1
0.8,15.26,1126.0,1080,38,0.0,0,0,34.0,0.800711494,0,1,0,0,0,1,0,0,1,0,0,27.200000000000003,1
0.8,22.52,265.0,3840,63,0.0,0,0,57.0,0.800470513,0,1,0,0,0,1,0,0,1,0,0,45.6,1
0.8,30.1,859.0,7020,63,0.0,0,1,58.5,0.800094017,0,1,0,0,0,1,0,0,1,0,0,46.800000000000004,1
0.8,30.1,276.0,600,63,0.0,0,0,59.5,0.799982853,0,1,0,0,0,1,0,0,1,0,0,47.6,1
0.8,2.9,1039.0,4320,0,0.0,0,0,18.0,0.785864198,0,1,0,0,0,0,0,0,1,0,0,14.4,1
0.75,18.79,899.0,3960,56,0.0,0,0,33.0,0.75065101,0,1,0,0,0,1,0,0,1,0,0,24.75,1
0.8,3.94,1039.0,2400,0,0.0,0,0,10.0,0.733277778,0,1,0,0,0,0,0,0,1,0,0,8.0,1
0.8,5.13,1039.0,3600,0,0.0,0,0,15.0,0.710125,0,1,0,0,0,0,0,0,1,0,0,12.0,1
0.7,30.1,247.0,6960,50,0.0,0,1,58.0,0.700603448,0,1,0,0,0,1,0,0,1,0,0,40.599999999999994,1
0.7,11.41,653.0,3480,30,0.0,0,2,58.0,0.700540441,0,1,0,0,0,1,0,0,1,0,0,40.599999999999994,1
0.7,29.4,1116.0,6240,0,0.0,0,2,57.0,0.7,0,1,0,0,0,1,0,0,1,0,0,39.9,1
0.75,5.13,1039.0,1920,0,0.0,0,0,8.0,0.684027778,0,1,0,0,0,0,0,0,1,0,0,6.0,1
0.7,5.13,1039.0,1920,0,0.0,0,0,8.0,0.672135417,0,1,0,0,0,0,0,0,1,0,0,5.6,1
0.7,18.79,1252.5,6120,30,0.0,0,1,51.0,0.638614379,0,1,0,0,0,1,0,0,1,0,0,35.699999999999996,1
0.75,5.13,1039.0,1920,0,0.0,0,0,8.0,0.631354167,0,1,0,0,0,0,0,0,1,0,0,6.0,1
0.75,30.1,444.0,0,0,0.0,0,1,59.0,0.611140537,0,1,0,0,0,1,0,0,1,0,0,44.25,0
0.8,5.13,1039.0,2160,0,0.0,0,0,9.0,0.609583333,0,1,0,0,0,0,0,0,1,0,0,7.2,1
0.65,30.33,841.0,6840,0,0.0,0,1,57.0,0.585315789,0,1,0,0,0,1,0,0,1,0,0,37.050000000000004,1
0.7,19.68,1252.5,5760,0,0.0,0,1,48.0,0.249416667,0,1,0,0,0,1,0,0,1,0,0,33.599999999999994,1
0.5,5.13,1039.0,1800,0,0.0,0,0,15.0,0.8721,0,0,1,0,0,0,0,1,0,0,0,7.5,1
0.8,2.9,1039.0,960,0,0.0,0,0,8.0,0.8319375,0,0,1,0,0,0,0,1,0,0,0,6.4,1
0.8,5.13,1039.0,4800,0,0.0,0,0,20.0,0.8300625,0,0,1,0,0,0,0,1,0,0,0,16.0,1
0.6,2.9,1039.0,2880,0,0.0,0,0,12.0,0.805555556,0,0,1,0,0,0,0,1,0,0,0,7.199999999999999,1
0.8,15.26,1103.0,4080,63,0.0,0,0,34.0,0.800401961,0,0,1,0,0,1,0,1,0,0,0,27.200000000000003,1
0.8,30.1,922.0,5820,63,0.0,0,1,59.0,0.80000295,0,0,1,0,0,1,0,1,0,0,0,47.2,1
0.8,5.13,1039.0,2400,0,0.0,0,0,10.0,0.78375,0,0,1,0,0,0,0,1,0,0,0,8.0,1
0.8,3.94,1039.0,2400,0,0.0,0,0,10.0,0.753525,0,0,1,0,0,0,0,1,0,0,0,8.0,1
0.75,18.79,1055.0,3960,45,0.0,0,0,33.0,0.75065101,0,0,1,0,0,1,0,1,0,0,0,24.75,1
0.8,3.94,1039.0,2880,0,0.0,0,0,12.0,0.727349537,0,0,1,0,0,0,0,1,0,0,0,9.600000000000001,1
0.7,29.4,1146.0,6840,40,0.0,0,2,57.0,0.700614035,0,0,1,0,0,1,0,1,0,0,0,39.9,1
0.7,30.33,746.0,6840,0,0.0,0,1,57.0,0.700605263,0,0,1,0,0,1,0,1,0,0,0,39.9,1
0.75,11.41,834.0,3480,0,0.0,0,2,58.0,0.672140805,0,0,1,0,0,1,0,1,0,0,0,43.5,1
0.7,18.79,1252.5,3240,30,0.0,0,1,57.0,0.627011183,0,0,1,0,0,1,0,1,0,0,0,39.9,1
0.7,30.1,1041.0,8160,33,0.0,0,2,58.0,0.626577778,0,0,1,0,0,1,0,1,0,0,0,40.599999999999994,1
0.7,21.25,1252.5,6000,0,0.0,0,1,50.0,0.456875,0,0,1,0,0,1,0,1,0,0,0,35.0,1
0.75,30.1,627.0,6960,0,0.0,0,1,58.0,0.393548851,0,0,1,0,0,1,0,1,0,0,0,43.5,1
0.8,3.94,1039.0,960,0,0.0,0,0,8.0,0.385791667,0,0,1,0,0,0,0,1,0,0,0,6.4,1
0.8,30.1,450.0,5700,0,0.0,0,0,60.0,0.307501459,0,0,1,0,0,1,0,1,0,0,0,48.0,1
0.7,5.13,1039.0,960,0,0.0,0,0,8.0,0.283958333,0,0,1,0,0,0,0,1,0,0,0,5.6,1
0.8,3.94,1039.0,2400,0,0.0,0,0,20.0,0.955791667,0,0,1,0,0,0,0,0,0,0,0,16.0,1
0.7,5.13,1039.0,960,0,0.0,0,0,8.0,0.930416667,0,0,1,0,0,0,0,0,0,0,0,5.6,1
0.8,5.13,1039.0,1080,0,0.0,0,0,9.0,0.9025,0,0,1,0,0,0,0,0,0,0,0,7.2,1
0.8,5.13,1039.0,2160,0,0.0,0,0,18.0,0.87115,0,0,1,0,0,0,0,0,0,0,0,14.4,1
0.8,15.26,1060.0,4080,63,0.0,0,0,34.0,0.800401961,0,0,1,0,0,1,0,0,0,0,0,27.200000000000003,1
0.8,30.1,891.0,7140,38,0.0,0,1,59.0,0.800137255,0,0,1,0,0,1,0,0,0,0,0,47.2,1
0.8,30.1,541.0,7140,38,0.0,0,0,59.0,0.800137255,0,0,1,0,0,1,0,0,0,0,0,47.2,1
0.75,30.1,709.0,6960,45,0.0,0,1,58.0,0.750770115,0,0,1,0,0,1,0,0,0,0,0,43.5,1
0.75,18.79,1100.0,3960,45,0.0,0,0,33.0,0.75065101,0,0,1,0,0,1,0,0,0,0,0,24.75,1
0.75,11.41,826.0,2820,0,0.0,0,2,58.0,0.750293939,0,0,1,0,0,1,0,0,0,0,0,43.5,1
0.7,30.33,577.0,2160,30,0.0,0,1,58.0,0.700623,0,0,1,0,0,1,0,0,0,0,0,40.599999999999994,1
0.7,29.4,1094.0,6840,40,0.0,0,2,57.0,0.700614035,0,0,1,0,0,1,0,0,0,0,0,39.9,1
0.7,29.4,1228.0,6960,30,0.0,0,2,58.0,0.700362069,0,0,1,0,0,1,0,0,0,0,0,40.599999999999994,1
0.7,18.79,1252.5,6000,40,0.0,0,1,50.0,0.60128,0,0,1,0,0,1,0,0,0,0,0,35.0,1
0.7,21.25,1252.5,6000,0,0.0,0,1,50.0,0.417916667,0,0,1,0,0,1,0,0,0,0,0,35.0,1
0.8,2.9,1039.0,960,0,0.0,0,0,8.0,0.3715625,0,0,1,0,0,0,0,0,0,0,0,6.4,1
0.8,2.9,1039.0,960,0,0.0,0,0,8.0,0.3715625,0,0,1,0,0,0,0,0,0,0,0,6.4,1
0.8,5.13,1039.0,960,0,0.0,0,0,8.0,0.36871875,0,0,1,0,0,0,0,0,0,0,0,6.4,1
0.7,5.13,1039.0,960,0,0.0,0,0,8.0,0.356458333,0,0,1,0,0,0,0,0,0,0,0,5.6,1
0.7,2.9,1039.0,1800,0,0.0,0,0,15.0,0.902222222,0,0,1,0,0,0,0,0,0,1,0,10.5,1
0.8,4.6,1039.0,1440,0,0.0,0,0,12.0,0.811388889,0,0,1,0,0,0,0,0,0,1,0,9.600000000000001,1
0.8,15.26,1062.0,4080,50,0.0,0,0,34.0,0.800401961,0,0,1,0,0,1,0,0,0,1,0,27.200000000000003,1
0.8,30.1,450.0,7140,50,0.0,0,0,60.0,0.800137255,0,0,1,0,0,1,0,0,0,1,0,48.0,1
0.8,30.1,901.0,6480,50,0.0,0,1,59.0,0.800071839,0,0,1,0,0,1,0,0,0,1,0,47.2,1
0.7,4.6,1039.0,960,0,0.0,0,0,8.0,0.791458333,0,0,1,0,0,0,0,0,0,1,0,5.6,1
0.75,30.1,739.0,5640,45,0.0,0,1,59.0,0.750727326,0,0,1,0,0,1,0,0,0,1,0,44.25,1
0.75,18.79,913.0,3360,45,0.0,0,0,33.0,0.75065101,0,0,1,0,0,1,0,0,0,1,0,24.75,1
0.75,11.61,698.0,3360,34,0.0,0,2,57.0,0.750437269,0,0,1,0,0,1,0,0,0,1,0,42.75,1
0.75,29.4,1172.0,5340,45,0.0,0,2,60.0,0.750176991,0,0,1,0,0,1,0,0,0,1,0,45.0,1
0.75,2.9,1039.0,1800,0,0.0,0,0,15.0,0.726933333,0,0,1,0,0,0,0,0,0,1,0,11.25,1
0.7,2.9,1039.0,1800,0,0.0,0,0,15.0,0.726933333,0,0,1,0,0,0,0,0,0,1,0,10.5,1
0.7,30.33,408.0,1680,30,0.0,0,1,59.0,0.700623,0,0,1,0,0,1,0,0,0,1,0,41.3,1
0.7,29.4,1079.0,4560,40,0.0,0,2,58.0,0.700518519,0,0,1,0,0,1,0,0,0,1,0,40.599999999999994,1
0.7,18.79,1068.0,3000,30,0.0,0,1,52.0,0.700256795,0,0,1,0,0,1,0,0,0,1,0,36.4,1
0.7,2.9,1039.0,960,0,0.0,0,0,8.0,0.5046875,0,0,1,0,0,0,0,0,0,1,0,5.6,1
0.7,21.25,1252.5,6360,0,0.0,0,1,53.0,0.471108491,0,0,1,0,0,1,0,0,0,1,0,37.099999999999994,1
0.7,3.9,1039.0,960,0,0.0,0,0,8.0,0.325,0,0,1,0,0,0,0,0,0,1,0,5.6,1
0.6,22.53,708.0,5040,0,0.0,0,1,42.0,0.268214286,0,0,1,0,0,1,0,0,0,1,0,25.2,1
0.75,18.79,1085.0,6240,56,0.0,0,1,52.0,0.970816667,0,0,1,0,0,1,0,0,0,0,1,39.0,1
0.8,4.6,1039.0,1080,0,0.0,0,0,9.0,0.902962963,0,0,1,0,0,0,0,0,0,0,1,7.2,1
0.8,4.6,1039.0,2400,0,0.0,0,0,20.0,0.900833333,0,0,1,0,0,0,0,0,0,0,1,16.0,1
0.8,4.6,1039.0,1800,0,0.0,0,0,15.0,0.899555556,0,0,1,0,0,0,0,0,0,0,1,12.0,1
0.7,2.9,1039.0,1200,0,0.0,0,0,10.0,0.845833333,0,0,1,0,0,0,0,0,0,0,1,7.0,1
0.8,30.1,323.0,4080,50,0.0,0,1,59.0,0.800808642,0,0,1,0,0,1,0,0,0,0,1,47.2,1
0.8,15.26,1053.0,4080,50,0.0,0,0,34.0,0.800401961,0,0,1,0,0,1,0,0,0,0,1,27.200000000000003,1
0.8,30.1,786.0,7080,50,0.0,0,2,59.0,0.800115819,0,0,1,0,0,1,0,0,0,0,1,47.2,1
0.75,18.79,1003.0,3960,45,0.0,0,1,33.0,0.75065101,0,0,1,0,0,1,0,0,0,0,1,24.75,1
0.75,11.61,635.0,3360,45,0.0,0,0,57.0,0.750503571,0,0,1,0,0,1,0,0,0,0,1,42.75,1
0.75,29.4,1252.5,6960,45,0.0,0,2,58.0,0.750206897,0,0,1,0,0,1,0,0,0,0,1,43.5,1
0.7,29.4,847.0,6960,30,0.0,0,1,58.0,0.700362069,0,0,1,0,0,1,0,0,0,0,1,40.599999999999994,1
0.7,30.33,361.0,3960,30,0.0,0,1,58.0,0.700069811,0,0,1,0,0,1,0,0,0,0,1,40.599999999999994,1
0.7,21.82,1252.5,6240,0,0.0,0,2,52.0,0.700058333,0,0,1,0,0,1,0,0,0,0,1,36.4,1
0.75,4.6,1039.0,960,0,0.0,0,0,8.0,0.676666667,0,0,1,0,0,0,0,0,0,0,1,6.0,1
0.7,4.6,1039.0,960,0,0.0,0,0,8.0,0.658541667,0,0,1,0,0,0,0,0,0,0,1,5.6,1
0.8,30.1,15.0,1200,49,0.0,0,1,59.0,0.598792339,0,0,1,0,0,1,0,0,0,0,1,47.2,1
0.65,22.53,762.0,5040,0,0.0,0,1,42.0,0.581130952,0,0,1,0,0,1,0,0,0,0,1,27.3,1
0.7,3.9,1039.0,960,0,0.0,0,0,8.0,0.440375,0,0,1,0,0,0,0,0,0,0,1,5.6,1
0.75,2.9,1039.0,960,0,0.0,0,0,8.0,0.410833333,0,0,1,0,0,0,0,0,0,0,1,6.0,1
0.7,2.9,1039.0,960,0,0.0,0,0,8.0,0.410833333,0,0,1,0,0,0,0,0,0,0,1,5.6,1
0.8,4.6,1039.0,6300,0,0.0,0,0,15.0,0.921703704,0,0,1,0,0,0,0,0,1,0,0,12.0,1
0.8,4.6,1039.0,7560,0,0.0,0,0,18.0,0.921604938,0,0,1,0,0,0,0,0,1,0,0,14.4,1
0.8,30.1,694.0,4080,50,0.0,0,1,59.0,0.800808642,0,0,1,0,0,1,0,0,1,0,0,47.2,1
0.8,11.61,816.0,2820,50,0.0,0,2,57.0,0.800516667,0,0,1,0,0,1,0,0,1,0,0,45.6,1
0.8,15.26,1065.0,4080,63,0.0,0,0,34.0,0.800401961,0,0,1,0,0,1,0,0,1,0,0,27.200000000000003,1
0.5,3.94,1039.0,3360,0,0.0,0,0,8.0,0.768847222,0,0,1,0,0,0,0,0,1,0,0,4.0,1
0.75,18.79,912.0,3960,45,0.0,0,0,33.0,0.75065101,0,0,1,0,0,1,0,0,1,0,0,24.75,1
0.75,29.4,1244.0,6840,45,0.0,0,2,57.0,0.750473684,0,0,1,0,0,1,0,0,1,0,0,42.75,1
0.75,18.79,1020.0,5640,45,0.0,0,1,52.0,0.750371895,0,0,1,0,0,1,0,0,1,0,0,39.0,1
0.75,29.4,916.0,6960,56,0.0,0,2,58.0,0.750206897,0,0,1,0,0,1,0,0,1,0,0,43.5,1
0.7,21.82,1252.5,3240,0,0.0,0,1,52.0,0.700251773,0,0,1,0,0,1,0,0,1,0,0,36.4,1
0.7,30.33,398.0,6960,0,0.0,0,1,58.0,0.66237931,0,0,1,0,0,1,0,0,1,0,0,40.599999999999994,1
0.8,4.6,1039.0,3780,0,0.0,0,0,9.0,0.590617284,0,0,1,0,0,0,0,0,1,0,0,7.2,1
0.7,3.9,1039.0,960,0,0.0,0,0,8.0,0.5565625,0,0,1,0,0,0,0,0,1,0,0,5.6,1
0.8,30.1,437.0,7080,32,0.0,0,2,59.0,0.495617514,0,0,1,0,0,1,0,0,1,0,0,47.2,1
0.35,27.48,413.0,6840,38,0.0,0,1,57.0,0.449964912,0,0,1,0,0,1,0,0,1,0,0,19.95,1
0.7,2.9,1039.0,3360,0,0.0,0,0,8.0,0.410833333,0,0,1,0,0,0,0,0,1,0,0,5.6,1
0.75,2.9,1039.0,960,0,0.0,0,0,8.0,0.4078125,0,0,1,0,0,0,0,0,1,0,0,6.0,1
0.35,26.66,1164.0,6600,23,0.0,0,2,55.0,0.378895152,0,0,1,0,0,1,0,0,1,0,0,19.25,1
0.75,4.6,1039.0,3360,0,0.0,0,0,8.0,0.376597222,0,0,1,0,0,0,0,0,1,0,0,6.0,1
0.75,2.9,1039.0,3360,0,0.0,0,0,8.0,0.271875,0,0,1,0,0,0,0,0,1,0,0,6.0,1
0.8,4.6,1039.0,6300,0,0.0,0,0,15.0,0.921703704,0,0,1,0,0,0,1,0,0,0,0,12.0,1
0.8,4.6,1039.0,7560,0,0.0,0,0,18.0,0.921604938,0,0,1,0,0,0,1,0,0,0,0,14.4,1
0.8,11.61,954.0,0,50,0.0,0,2,58.0,0.800779018,0,0,1,0,0,1,1,0,0,0,0,46.400000000000006,0
0.8,15.26,1194.0,1700,62,0.0,0,0,34.0,0.800260821,0,0,1,0,0,1,1,0,0,0,0,27.200000000000003,1
0.8,30.1,644.0,840,38,0.0,0,1,59.0,0.799982853,0,0,1,0,0,1,1,0,0,0,0,47.2,1
0.5,3.94,1039.0,3360,0,0.0,0,0,8.0,0.768847222,0,0,1,0,0,0,1,0,0,0,0,4.0,1
0.75,29.4,1144.0,4440,45,0.0,0,2,57.0,0.750716981,0,0,1,0,0,1,1,0,0,0,0,42.75,1
0.75,18.79,1012.0,3960,45,0.0,0,0,33.0,0.75065101,0,0,1,0,0,1,1,0,0,0,0,24.75,1
0.75,29.4,792.0,4560,56,0.0,0,2,58.0,0.750425926,0,0,1,0,0,1,1,0,0,0,0,43.5,1
0.75,18.79,841.0,6240,45,0.0,0,1,52.0,0.750395513,0,0,1,0,0,1,1,0,0,0,0,39.0,1
0.7,21.82,1252.5,6120,40,0.0,0,1,51.0,0.700236601,0,0,1,0,0,1,1,0,0,0,0,35.699999999999996,1
0.7,30.33,512.0,4560,0,0.0,0,1,58.0,0.700211111,0,0,1,0,0,1,1,0,0,0,0,40.599999999999994,1
0.8,4.6,1039.0,3780,0,0.0,0,0,9.0,0.590617284,0,0,1,0,0,0,1,0,0,0,0,7.2,1
0.7,3.9,1039.0,960,0,0.0,0,0,8.0,0.5565625,0,0,1,0,0,0,1,0,0,0,0,5.6,1
0.5,27.48,609.0,6840,30,0.0,0,1,57.0,0.550403509,0,0,1,0,0,1,1,0,0,0,0,28.5,1
0.5,26.66,1252.5,6840,30,0.0,0,2,57.0,0.550349708,0,0,1,0,0,1,1,0,0,0,0,28.5,1
0.5,26.66,556.0,6960,23,0.0,0,2,58.0,0.500258046,0,0,1,0,0,1,1,0,0,0,0,29.0,1
0.7,2.9,1039.0,3360,0,0.0,0,0,8.0,0.410833333,0,0,1,0,0,0,1,0,0,0,0,5.6,1
0.75,2.9,1039.0,960,0,0.0,0,0,8.0,0.4078125,0,0,1,0,0,0,1,0,0,0,0,6.0,1
0.75,4.6,1039.0,3360,0,0.0,0,0,8.0,0.376597222,0,0,1,0,0,0,1,0,0,0,0,6.0,1
0.75,2.9,1039.0,3360,0,0.0,0,0,8.0,0.271875,0,0,1,0,0,0,1,0,0,0,0,6.0,1
0.8,4.6,1039.0,10500,0,0.0,0,0,25.0,0.936355556,0,0,0,0,0,0,0,1,0,0,0,20.0,1
0.75,4.6,1039.0,3360,0,0.0,0,0,8.0,0.813611111,0,0,0,0,0,0,0,1,0,0,0,6.0,1
0.8,15.26,1106.0,4080,63,0.0,0,0,34.0,0.800401961,0,0,0,0,0,1,0,1,0,0,0,27.200000000000003,1
0.75,29.4,622.0,6240,56,0.0,0,0,57.0,0.75075,0,0,0,0,0,1,0,1,0,0,0,42.75,1
0.75,18.79,1193.0,3960,45,0.0,0,0,33.0,0.75065101,0,0,0,0,0,1,0,1,0,0,0,24.75,1
0.75,29.4,1143.0,6840,45,0.0,0,0,57.0,0.750473684,0,0,0,0,0,1,0,1,0,0,0,42.75,1
0.75,18.79,895.0,6240,34,0.0,0,0,52.0,0.750395513,0,0,0,0,0,1,0,1,0,0,0,39.0,1
0.6,27.48,549.0,6720,38,0.0,0,0,56.0,0.707446429,0,0,0,0,0,1,0,1,0,0,0,33.6,1
0.7,21.82,1252.5,5640,30,0.0,0,0,52.0,0.700236601,0,0,0,0,0,1,0,1,0,0,0,36.4,1
0.6,26.66,1252.5,6840,38,0.0,0,0,57.0,0.700019883,0,0,0,0,0,1,0,1,0,0,0,34.199999999999996,1
0.7,30.33,254.0,1800,0,0.0,0,0,58.0,0.683550607,0,0,0,0,0,1,0,1,0,0,0,40.599999999999994,1
0.8,11.61,347.0,0,50,0.0,0,0,57.0,0.682433036,0,0,0,0,0,1,0,1,0,0,0,45.6,0
0.6,3.94,1039.0,960,0,0.0,0,0,8.0,0.673083333,0,0,0,0,0,0,0,1,0,0,0,4.8,1
0.7,2.9,1039.0,3360,0,0.0,0,0,8.0,0.664583333,0,0,0,0,0,0,0,1,0,0,0,5.6,1
0.6,26.66,692.0,6840,23,0.0,0,0,57.0,0.600239766,0,0,0,0,0,1,0,1,0,0,0,34.199999999999996,1
0.7,3.9,1039.0,960,0,0.0,0,0,8.0,0.585,0,0,0,0,0,0,0,1,0,0,0,5.6,1
0.8,30.1,934.0,6960,0,0.0,0,0,58.0,0.579511494,0,0,0,0,0,1,0,1,0,0,0,46.400000000000006,1
0.6,3.94,1039.0,3360,0,0.0,0,0,8.0,0.448722222,0,0,0,0,0,0,0,1,0,0,0,4.8,1
0.75,2.9,1039.0,960,0,0.0,0,0,8.0,0.447083333,0,0,0,0,0,0,0,1,0,0,0,6.0,1
0.8,4.6,1039.0,3360,0,0.0,0,0,8.0,0.350416667,0,0,0,0,0,0,0,1,0,0,0,6.4,1
0.7,3.9,1039.0,1200,0,0.0,0,0,10.0,0.92885,0,0,0,0,0,0,0,0,0,0,0,7.0,1
0.8,4.6,1039.0,10080,0,0.0,0,0,24.0,0.86037037,0,0,0,0,0,0,0,0,0,0,0,19.200000000000003,1
0.65,3.94,1039.0,960,0,0.0,0,0,8.0,0.806879167,0,0,0,0,0,0,0,0,0,0,0,5.2,1
0.65,26.66,1252.5,6840,65,0.0,0,0,57.0,0.800579532,0,0,0,0,0,1,0,0,0,0,0,37.050000000000004,1
0.8,15.26,1035.0,4080,63,0.0,0,0,34.0,0.800401961,0,0,0,0,0,1,0,0,0,0,0,27.200000000000003,1
0.75,2.9,1039.0,1200,0,0.0,0,0,10.0,0.8004,0,0,0,0,0,0,0,0,0,0,0,7.5,1
0.8,11.61,632.0,0,50,0.0,0,0,57.0,0.800309211,0,0,0,0,0,1,0,0,0,0,0,45.6,0
0.8,29.4,1231.0,4680,50,0.0,0,0,57.0,0.800149813,0,0,0,0,0,1,0,0,0,0,0,45.6,1
0.8,30.1,616.0,7080,0,0.0,0,0,59.0,0.800115819,0,0,0,0,0,1,0,0,0,0,0,47.2,1
0.75,4.6,1039.0,3360,0,0.0,0,0,8.0,0.773333333,0,0,0,0,0,0,0,0,0,0,0,6.0,1
0.75,18.79,947.0,2880,34,0.0,0,0,33.0,0.750797009,0,0,0,0,0,1,0,0,0,0,0,24.75,1
0.75,29.4,551.0,6840,45,0.0,0,0,57.0,0.750473684,0,0,0,0,0,1,0,0,0,0,0,42.75,1
0.75,18.79,935.0,6240,45,0.0,0,0,52.0,0.750395513,0,0,0,0,0,1,0,0,0,0,0,39.0,1
0.65,26.66,832.0,6780,55,0.0,0,0,57.0,0.750254867,0,0,0,0,0,1,0,0,0,0,0,37.050000000000004,1
0.65,27.48,544.0,6720,34,0.0,0,0,56.0,0.700903571,0,0,0,0,0,1,0,0,0,0,0,36.4,1
0.7,21.82,1252.5,3600,30,0.0,0,0,51.0,0.70013604,0,0,0,0,0,1,0,0,0,0,0,35.699999999999996,1
0.7,2.9,1039.0,3360,0,0.0,0,0,8.0,0.632361111,0,0,0,0,0,0,0,0,0,0,0,5.6,1
0.8,4.6,1039.0,3780,0,0.0,0,0,9.0,0.607654321,0,0,0,0,0,0,0,0,0,0,0,7.2,1
0.65,3.94,1039.0,3360,0,0.0,0,0,8.0,0.537919444,0,0,0,0,0,0,0,0,0,0,0,5.2,1
0.8,4.6,1039.0,3360,0,0.0,0,0,8.0,0.342361111,0,0,0,0,0,0,0,0,0,0,0,6.4,1
0.8,4.6,1039.0,4200,0,0.0,0,0,10.0,0.999533333,0,0,0,0,0,0,0,0,0,1,0,8.0,1
0.8,4.6,1039.0,6300,0,0.0,0,0,15.0,0.902962963,0,0,0,0,0,0,0,0,0,1,0,12.0,1
0.8,11.41,601.0,0,50,0.0,0,0,56.0,0.800701754,0,0,0,0,0,1,0,0,0,1,0,44.800000000000004,0
0.7,26.66,1252.5,6960,60,0.0,0,0,58.0,0.800566092,0,0,0,0,0,1,0,0,0,1,0,40.599999999999994,1
0.8,15.26,983.0,4080,50,0.0,0,0,34.0,0.800401961,0,0,0,0,0,1,0,0,0,1,0,27.200000000000003,1
0.8,29.4,1156.0,6840,50,0.0,0,0,57.0,0.800333333,0,0,0,0,0,1,0,0,0,1,0,45.6,1
0.8,30.1,29.0,7080,50,0.0,0,0,59.0,0.800115819,0,0,0,0,0,1,0,0,0,1,0,47.2,1
0.7,26.66,950.0,6960,50,0.0,0,0,58.0,0.750770115,0,0,0,0,0,1,0,0,0,1,0,40.599999999999994,1
0.75,29.4,534.0,6840,56,0.0,0,0,57.0,0.750473684,0,0,0,0,0,1,0,0,0,1,0,42.75,1
0.75,18.79,1096.0,6240,34,0.0,0,0,52.0,0.750395513,0,0,0,0,0,1,0,0,0,1,0,39.0,1
0.75,20.2,402.0,3120,45,0.0,0,0,33.0,0.750212553,0,0,0,0,0,1,0,0,0,1,0,24.75,1
0.75,4.6,1039.0,3360,0,0.0,0,0,8.0,0.702777778,0,0,0,0,0,0,0,0,0,1,0,6.0,1
0.7,27.48,573.0,6840,30,0.0,0,0,57.0,0.700659649,0,0,0,0,0,1,0,0,0,1,0,39.9,1
0.7,21.82,1252.5,5040,30,0.0,0,0,51.0,0.699984417,0,0,0,0,0,1,0,0,0,1,0,35.699999999999996,1
0.8,4.6,1039.0,3780,0,0.0,0,0,9.0,0.636049383,0,0,0,0,0,0,0,0,0,1,0,7.2,1
0.4,3.9,1039.0,6300,0,0.0,0,0,15.0,0.567377778,0,0,0,0,0,0,0,0,0,1,0,6.0,1
0.7,3.94,1039.0,3360,0,0.0,0,0,8.0,0.555430556,0,0,0,0,0,0,0,0,0,1,0,5.6,1
0.7,3.94,1039.0,3360,0,0.0,0,0,8.0,0.555430556,0,0,0,0,0,0,0,0,0,1,0,5.6,1
0.7,2.9,1039.0,3360,0,0.0,0,0,8.0,0.463194444,0,0,0,0,0,0,0,0,0,1,0,5.6,1
0.7,4.6,1039.0,3360,0,0.0,0,0,8.0,0.354444444,0,0,0,0,0,0,0,0,0,1,0,5.6,1
0.75,2.9,1039.0,3360,0,0.0,0,0,8.0,0.309333333,0,0,0,0,0,0,0,0,0,1,0,6.0,1
0.4,15.28,157.0,5400,0,0.0,0,1,45.0,0.30277037,0,0,0,0,0,1,0,0,0,1,0,18.0,1
0.8,4.6,1039.0,1200,0,0.0,0,0,10.0,0.939166667,0,0,0,0,0,0,0,0,0,0,1,8.0,1
0.8,4.6,1039.0,960,0,0.0,0,0,8.0,0.930416667,0,0,0,0,0,0,0,0,0,0,1,6.4,1
0.8,4.6,1039.0,1080,0,0.0,0,0,9.0,0.885925926,0,0,0,0,0,0,0,0,0,0,1,7.2,1
0.75,2.9,1039.0,960,0,0.0,0,0,8.0,0.83375,0,0,0,0,0,0,0,0,0,0,1,6.0,1
0.7,3.94,1039.0,960,0,0.0,0,0,8.0,0.806879167,0,0,0,0,0,0,0,0,0,0,1,5.6,1
0.7,3.94,1039.0,960,0,0.0,0,0,8.0,0.806058333,0,0,0,0,0,0,0,0,0,0,1,5.6,1
0.8,11.41,433.0,0,38,0.0,0,0,56.0,0.800701754,0,0,0,0,0,1,0,0,0,0,1,44.800000000000004,0
0.8,15.26,961.0,4080,50,0.0,0,0,34.0,0.800401961,0,0,0,0,0,1,0,0,0,0,1,27.200000000000003,1
0.8,29.4,1169.0,6840,63,0.0,0,0,57.0,0.800333333,0,0,0,0,0,1,0,0,0,0,1,45.6,1
0.8,30.1,874.0,3960,50,0.0,0,0,59.0,0.800055762,0,0,0,0,0,1,0,0,0,0,1,47.2,1
0.7,26.82,1028.0,6960,60,0.0,0,0,58.0,0.799975862,0,0,0,0,0,1,0,0,0,0,1,40.599999999999994,1
0.7,26.82,1252.5,6960,50,0.0,0,0,58.0,0.750651724,0,0,0,0,0,1,0,0,0,0,1,40.599999999999994,1
0.75,18.79,1206.0,6240,34,0.0,0,0,52.0,0.750395513,0,0,0,0,0,1,0,0,0,0,1,39.0,1
0.7,27.48,586.0,6960,40,0.0,0,0,58.0,0.700424138,0,0,0,0,0,1,0,0,0,0,1,40.599999999999994,1
0.7,21.82,1252.5,5760,30,0.0,0,0,53.0,0.700058333,0,0,0,0,0,1,0,0,0,0,1,37.099999999999994,1
0.8,4.6,1039.0,8400,0,0.0,0,0,20.0,0.684888889,0,0,0,0,0,0,0,0,0,0,1,16.0,1
0.7,4.6,1039.0,960,0,0.0,0,0,8.0,0.592083333,0,0,0,0,0,0,0,0,0,0,1,5.6,1
0.5,3.9,1039.0,960,0,0.0,0,0,8.0,0.5403125,0,0,0,0,0,0,0,0,0,0,1,4.0,1
0.8,29.4,30.0,6840,0,0.0,0,0,57.0,0.433263158,0,0,0,0,0,1,0,0,0,0,1,45.6,1
0.5,15.28,261.0,5520,0,0.0,0,1,46.0,0.404144928,0,0,0,0,0,1,0,0,0,0,1,23.0,1
0.75,18.79,52.0,3960,0,0.0,0,0,33.0,0.332146465,0,0,0,0,0,1,0,0,0,0,1,24.75,1
0.8,4.6,1039.0,2640,0,0.0,0,0,22.0,0.980984848,0,0,0,0,0,0,0,0,1,0,0,17.6,1
0.6,3.9,1039.0,960,0,0.0,0,0,8.0,0.950625,0,0,0,0,0,0,0,0,1,0,0,4.8,1
0.8,2.9,1039.0,1200,0,0.0,0,0,10.0,0.927291667,0,0,0,0,0,0,0,0,1,0,0,8.0,1
0.8,4.6,1039.0,1080,0,0.0,0,0,9.0,0.868888889,0,0,0,0,0,0,0,0,1,0,0,7.2,1
0.7,3.94,1039.0,960,0,0.0,0,0,8.0,0.812625,0,0,0,0,0,0,0,0,1,0,0,5.6,1
0.7,3.94,1039.0,960,0,0.0,0,0,8.0,0.812625,0,0,0,0,0,0,0,0,1,0,0,5.6,1
0.8,4.6,1039.0,1800,0,0.0,0,0,15.0,0.810111111,0,0,0,0,0,0,0,0,1,0,0,12.0,1
0.8,11.41,455.0,3420,50,0.0,0,0,56.0,0.800701754,0,0,0,0,0,1,0,0,1,0,0,44.800000000000004,1
0.8,29.4,797.0,1800,63,0.0,0,0,57.0,0.800534979,0,0,0,0,0,1,0,0,1,0,0,45.6,1
0.8,15.26,959.0,4080,50,0.0,0,0,34.0,0.800401961,0,0,0,0,0,1,0,0,1,0,0,27.200000000000003,1
0.7,26.82,1252.5,6960,50,0.0,0,0,58.0,0.750651724,0,0,0,0,0,1,0,0,1,0,0,40.599999999999994,1
0.75,18.79,1228.0,6240,45,0.0,0,0,52.0,0.750395513,0,0,0,0,0,1,0,0,1,0,0,39.0,1
0.7,26.82,1117.0,7080,50,0.0,0,0,59.0,0.750050847,0,0,0,0,0,1,0,0,1,0,0,41.3,1
0.7,27.48,230.0,6960,40,0.0,0,0,58.0,0.700424138,0,0,0,0,0,1,0,0,1,0,0,40.599999999999994,1
0.7,21.82,1252.5,6000,30,0.0,0,0,50.0,0.700422,0,0,0,0,0,1,0,0,1,0,0,35.0,1
0.6,15.28,529.0,1320,0,0.0,0,1,46.0,0.600099145,0,0,0,0,0,1,0,0,1,0,0,27.599999999999998,1
0.75,2.9,1039.0,960,0,0.0,0,0,8.0,0.453125,0,0,0,0,0,0,0,0,1,0,0,6.0,1
0.8,30.1,834.0,1200,0,0.0,0,0,59.0,0.366053523,0,0,0,0,0,1,0,0,1,0,0,47.2,1
0.35,22.53,1252.5,2640,0,0.0,0,1,39.0,0.26369382,0,0,0,0,0,1,0,0,1,0,0,13.649999999999999,1
0.8,4.6,1039.0,1080,0,0.0,0,0,9.0,0.868888889,0,0,0,0,0,0,1,0,0,0,0,7.2,1
0.8,15.26,986.0,4080,75,0.0,0,0,34.0,0.850520588,0,0,0,0,0,1,1,0,0,0,0,27.200000000000003,1
0.7,26.82,1252.5,8160,70,0.0,0,0,58.0,0.850045,0,0,0,0,0,1,1,0,0,0,0,40.599999999999994,1
0.8,4.6,1039.0,6000,0,0.0,0,0,25.0,0.825444444,0,0,0,0,0,0,1,0,0,0,0,20.0,1
0.35,3.94,1039.0,2400,0,0.0,0,0,10.0,0.80575,0,0,0,0,0,0,1,0,0,0,0,3.5,1
0.7,26.82,1195.0,6960,60,0.0,0,0,58.0,0.800746552,0,0,0,0,0,1,1,0,0,0,0,40.599999999999994,1
0.8,29.4,983.0,6840,63,0.0,0,1,57.0,0.800578947,0,0,0,0,0,1,1,0,0,0,0,45.6,1
0.8,11.41,471.0,3420,50,0.0,0,0,58.0,0.800034503,0,0,0,0,0,1,1,0,0,0,0,46.400000000000006,1
0.5,2.9,1039.0,960,0,0.0,0,0,8.0,0.7975,0,0,0,0,0,0,1,0,0,0,0,4.0,1
0.75,18.79,1226.0,3480,45,0.0,0,0,51.0,0.749987124,0,0,0,0,0,1,1,0,0,0,0,38.25,1
0.7,21.82,1251.0,6000,30,0.0,0,0,50.0,0.700422,0,0,0,0,0,1,1,0,0,0,0,35.0,1
0.7,3.94,1039.0,960,0,0.0,0,0,8.0,0.664875,0,0,0,0,0,0,1,0,0,0,0,5.6,1
0.7,3.94,1039.0,960,0,0.0,0,0,8.0,0.664875,0,0,0,0,0,0,1,0,0,0,0,5.6,1
0.8,2.9,1039.0,960,0,0.0,0,0,8.0,0.657083333,0,0,0,0,0,0,1,0,0,0,0,6.4,1
0.65,16.1,626.0,4200,0,0.0,0,1,45.0,0.65024031,0,0,0,0,0,1,1,0,0,0,0,29.25,1
0.8,4.6,1039.0,3600,0,0.0,0,0,15.0,0.590740741,0,0,0,0,0,0,1,0,0,0,0,12.0,1
0.65,3.9,1039.0,1920,0,0.0,0,0,8.0,0.528125,0,0,0,0,0,0,1,0,0,0,0,5.2,1
0.5,23.41,1252.5,2280,0,0.0,0,1,39.0,0.500528095,0,0,0,0,0,1,1,0,0,0,0,19.5,1
0.7,27.48,541.0,6960,24,0.0,0,1,58.0,0.408960345,0,0,0,0,0,1,1,0,0,0,0,40.599999999999994,1
0.8,4.6,1039.0,1440,0,0.0,0,0,12.0,0.951944444,1,0,0,0,0,0,0,1,0,0,0,9.600000000000001,1
0.8,4.6,1039.0,1080,0,0.0,0,0,9.0,0.945555556,1,0,0,0,0,0,0,1,0,0,0,7.2,1
0.75,2.9,1039.0,1080,0,0.0,0,0,9.0,0.929074074,1,0,0,0,0,0,0,1,0,0,0,6.75,1
0.75,3.94,1039.0,960,0,0.0,0,0,8.0,0.890604167,1,0,0,0,0,0,0,1,0,0,0,6.0,1
0.75,3.94,1039.0,960,0,0.0,0,0,8.0,0.890604167,1,0,0,0,0,0,0,1,0,0,0,6.0,1
0.7,3.9,1039.0,1200,0,0.0,0,0,10.0,0.884,1,0,0,0,0,0,0,1,0,0,0,7.0,1
0.5,3.94,1039.0,960,0,0.0,0,0,8.0,0.857916667,1,0,0,0,0,0,0,1,0,0,0,4.0,1
0.75,26.82,1082.0,6840,65,0.0,0,0,57.0,0.850084211,1,0,0,0,0,1,0,1,0,0,0,42.75,1
0.75,26.82,1252.5,6960,65,0.0,0,0,58.0,0.85007069,1,0,0,0,0,1,0,1,0,0,0,43.5,1
0.8,30.1,1252.5,3360,50,0.0,0,1,57.0,0.800511068,1,0,0,0,0,1,0,1,0,0,0,45.6,1
0.8,15.26,1064.0,4080,63,0.0,0,0,34.0,0.800401961,1,0,0,0,0,1,0,1,0,0,0,27.200000000000003,1
0.8,11.41,313.0,3420,50,0.0,0,0,58.0,0.800034503,1,0,0,0,0,1,0,1,0,0,0,46.400000000000006,1
0.8,2.9,1039.0,960,0,0.0,0,0,8.0,0.755208333,1,0,0,0,0,0,0,1,0,0,0,6.4,1
0.75,18.79,1239.0,5640,45,0.0,0,0,52.0,0.750371895,1,0,0,0,0,1,0,1,0,0,0,39.0,1
0.7,21.82,1252.5,6000,30,0.0,0,0,50.0,0.700422,1,0,0,0,0,1,0,1,0,0,0,35.0,1
0.7,16.1,928.0,4800,30,0.0,0,1,45.0,0.700106061,1,0,0,0,0,1,0,1,0,0,0,31.499999999999996,1
0.6,23.41,1252.5,2520,23,0.0,0,1,38.0,0.601037091,1,0,0,0,0,1,0,1,0,0,0,22.8,1
0.6,30.48,869.0,6720,0,0.0,0,1,56.0,0.600528571,1,0,0,0,0,1,0,1,0,0,0,33.6,1
0.5,26.82,711.0,7080,23,0.0,0,1,59.0,0.500033898,1,0,0,0,0,1,0,1,0,0,0,29.5,1
0.6,3.9,1039.0,960,0,0.0,0,0,8.0,0.4509375,1,0,0,0,0,0,0,1,0,0,0,4.8,1
0.7,2.9,1039.0,960,0,0.0,0,0,8.0,0.441041667,1,0,0,0,0,0,0,1,0,0,0,5.6,1
0.6,2.9,1039.0,960,0,0.0,0,0,8.0,0.271875,1,0,0,0,0,0,0,1,0,0,0,4.8,1
0.8,2.9,1039.0,0,125,0.0,0,0,8.0,0.960625,1,0,0,0,0,0,0,0,0,0,0,6.4,0
0.8,4.6,1039.0,0,125,0.0,0,0,9.0,0.902962963,1,0,0,0,0,0,0,0,0,0,0,7.2,0
0.6,3.94,1039.0,0,125,0.0,0,0,12.0,0.864342593,1,0,0,0,0,0,0,0,0,0,0,7.199999999999999,0
0.75,26.82,1079.0,7020,65,0.0,0,0,58.0,0.850446154,1,0,0,0,0,1,0,0,0,0,0,43.5,1
0.75,26.82,1252.5,7140,65,0.0,0,0,59.0,0.850426891,1,0,0,0,0,1,0,0,0,0,0,44.25,1
0.75,2.9,1039.0,0,125,0.0,0,0,15.0,0.841,1,0,0,0,0,0,0,0,0,0,0,11.25,0
0.8,30.1,964.0,5160,50,0.0,0,1,58.0,0.800842424,1,0,0,0,0,1,0,0,0,0,0,46.400000000000006,1
0.8,15.26,1132.0,4080,63,0.0,0,0,34.0,0.800401961,1,0,0,0,0,1,0,0,0,0,0,27.200000000000003,1
0.8,11.41,357.0,3420,50,0.0,0,0,58.0,0.800034503,1,0,0,0,0,1,0,0,0,0,0,46.400000000000006,1
0.8,4.6,1039.0,0,125,0.0,0,0,12.0,0.795416667,1,0,0,0,0,0,0,0,0,0,0,9.600000000000001,0
0.75,3.94,1039.0,0,125,0.0,0,0,8.0,0.7953875,1,0,0,0,0,0,0,0,0,0,0,6.0,0
0.75,3.94,1039.0,0,125,0.0,0,0,8.0,0.794566667,1,0,0,0,0,0,0,0,0,0,0,6.0,0
0.75,18.79,1193.0,6240,45,0.0,0,0,52.0,0.750395513,1,0,0,0,0,1,0,0,0,0,0,39.0,1
0.7,16.1,817.0,5520,30,0.0,0,1,45.0,0.700516224,1,0,0,0,0,1,0,0,0,0,0,31.499999999999996,1
0.7,21.82,1252.5,6000,30,0.0,0,0,50.0,0.700422,1,0,0,0,0,1,0,0,0,0,0,35.0,1
0.7,3.9,1039.0,0,125,0.0,0,0,10.0,0.6825,1,0,0,0,0,0,0,0,0,0,0,7.0,0
0.65,23.41,1252.5,4560,35,0.0,0,1,38.0,0.650962281,1,0,0,0,0,1,0,0,0,0,0,24.7,1
0.65,30.48,953.0,6720,26,0.0,0,1,56.0,0.650421429,1,0,0,0,0,1,0,0,0,0,0,36.4,1
0.6,26.82,919.0,7080,23,0.0,0,1,59.0,0.600040678,1,0,0,0,0,1,0,0,0,0,0,35.4,1
0.5,30.48,1161.0,6600,0,0.0,0,1,55.0,0.500610909,1,0,0,0,0,1,0,0,0,0,0,27.5,1
0.7,2.9,1039.0,0,125,0.0,0,0,8.0,0.477291667,1,0,0,0,0,0,0,0,0,0,0,5.6,0
0.65,3.9,1039.0,0,125,0.0,0,0,8.0,0.2640625,1,0,0,0,0,0,0,0,0,0,0,5.2,0
0.8,4.6,1039.0,1080,0,0.0,0,0,9.0,0.92,1,0,0,0,0,0,0,0,0,1,0,7.2,1
0.6,3.94,1039.0,1440,0,0.0,0,0,12.0,0.909391667,1,0,0,0,0,0,0,0,0,1,0,7.199999999999999,1
0.75,26.82,1252.5,7080,75,0.0,0,0,59.0,0.900061017,1,0,0,0,0,1,0,0,0,1,0,44.25,1
0.8,4.6,1039.0,1440,0,0.0,0,0,12.0,0.894444444,1,0,0,0,0,0,0,0,0,1,0,9.600000000000001,1
0.75,3.94,1039.0,960,0,0.0,0,0,8.0,0.881575,1,0,0,0,0,0,0,0,0,1,0,6.0,1
0.75,3.94,1039.0,960,0,0.0,0,0,8.0,0.880754167,1,0,0,0,0,0,0,0,0,1,0,6.0,1
0.75,26.82,1104.0,5880,65,0.0,0,0,59.0,0.850084211,1,0,0,0,0,1,0,0,0,1,0,44.25,1
0.75,2.9,1039.0,1800,0,0.0,0,0,15.0,0.821666667,1,0,0,0,0,0,0,0,0,1,0,11.25,1
0.8,15.26,1069.0,4080,63,0.0,0,0,34.0,0.800401961,1,0,0,0,0,1,0,0,0,1,0,27.200000000000003,1
0.8,30.1,756.0,6960,63,0.0,0,1,58.0,0.800071839,1,0,0,0,0,1,0,0,0,1,0,46.400000000000006,1
0.8,11.41,338.0,3420,50,0.0,0,0,58.0,0.800034503,1,0,0,0,0,1,0,0,0,1,0,46.400000000000006,1
0.8,2.9,1039.0,960,0,0.0,0,0,8.0,0.758229167,1,0,0,0,0,0,0,0,0,1,0,6.4,1
0.75,21.82,1252.5,6000,34,0.0,0,0,50.0,0.750608,1,0,0,0,0,1,0,0,0,1,0,37.5,1
0.75,18.79,1247.0,6240,45,0.0,0,0,52.0,0.750395513,1,0,0,0,0,1,0,0,0,1,0,39.0,1
0.7,3.9,1039.0,960,0,0.0,0,0,8.0,0.741,1,0,0,0,0,0,0,0,0,1,0,5.6,1
0.7,30.48,923.0,6840,30,0.0,0,1,57.0,0.700505263,1,0,0,0,0,1,0,0,0,1,0,39.9,1
0.7,23.41,1180.0,4560,30,0.0,0,1,38.0,0.700246491,1,0,0,0,0,1,0,0,0,1,0,26.599999999999998,1
0.7,16.1,957.0,5400,40,0.0,0,1,45.0,0.700051852,1,0,0,0,0,1,0,0,0,1,0,31.499999999999996,1
0.65,26.82,1001.0,7080,26,0.0,0,1,59.0,0.650044068,1,0,0,0,0,1,0,0,0,1,0,38.35,1
0.6,30.48,1017.0,6840,25,0.0,0,1,57.0,0.630402924,1,0,0,0,0,1,0,0,0,1,0,34.199999999999996,1
0.65,3.9,1039.0,960,0,0.0,0,0,8.0,0.560625,1,0,0,0,0,0,0,0,0,1,0,5.2,1
0.5,3.9,1039.0,960,0,0.0,0,0,8.0,0.560625,1,0,0,0,0,0,0,0,0,1,0,4.0,1
0.7,2.9,1039.0,960,0,0.0,0,0,8.0,0.39875,1,0,0,0,0,0,0,0,0,1,0,5.6,1
0.8,4.6,1039.0,2160,0,0.0,0,0,9.0,0.922839506,1,0,0,0,0,0,0,0,0,0,1,7.2,1
0.8,2.9,1039.0,2400,0,0.0,0,0,10.0,0.874027778,1,0,0,0,0,0,0,0,0,0,1,8.0,1
0.75,3.9,1039.0,1920,0,0.0,0,0,8.0,0.819270833,1,0,0,0,0,0,0,0,0,0,1,6.0,1
0.75,3.94,1039.0,1920,0,0.0,0,0,8.0,0.813309028,1,0,0,0,0,0,0,0,0,0,1,6.0,1
0.75,3.94,1039.0,1920,0,0.0,0,0,8.0,0.812625,1,0,0,0,0,0,0,0,0,0,1,6.0,1
0.8,15.26,470.0,4080,63,0.0,0,0,34.0,0.800401961,1,0,0,0,0,1,0,0,0,0,1,27.200000000000003,1
0.8,30.1,735.0,6960,63,0.0,0,1,58.0,0.800071839,1,0,0,0,0,1,0,0,0,0,1,46.400000000000006,1
0.8,11.41,560.0,3420,50,0.0,0,0,58.0,0.800034503,1,0,0,0,0,1,0,0,0,0,1,46.400000000000006,1
0.8,4.6,1039.0,1920,0,0.0,0,0,8.0,0.786631944,1,0,0,0,0,0,0,0,0,0,1,6.4,1
0.7,3.94,1039.0,1440,0,0.0,0,0,12.0,0.75885,1,0,0,0,0,0,0,0,0,0,1,8.399999999999999,1
0.75,21.82,1252.5,6000,34,0.0,0,0,50.0,0.750608,1,0,0,0,0,1,0,0,0,0,1,37.5,1
0.75,18.79,290.0,5040,45,0.0,0,0,52.0,0.750347333,1,0,0,0,0,1,0,0,0,0,1,39.0,1
0.75,16.1,971.0,5400,45,0.0,0,1,45.0,0.750140741,1,0,0,0,0,1,0,0,0,0,1,33.75,1
0.75,26.82,1252.5,7080,45,0.0,0,0,59.0,0.750050847,1,0,0,0,0,1,0,0,0,0,1,44.25,1
0.75,26.82,1054.0,7080,45,0.0,0,0,59.0,0.750050847,1,0,0,0,0,1,0,0,0,0,1,44.25,1
0.7,26.82,992.0,6960,30,0.0,0,1,58.0,0.700556897,1,0,0,0,0,1,0,0,0,0,1,40.599999999999994,1
0.7,30.48,914.0,6840,30,0.0,0,1,57.0,0.700505263,1,0,0,0,0,1,0,0,0,0,1,39.9,1
0.7,23.41,1128.0,4560,40,0.0,0,1,38.0,0.700246491,1,0,0,0,0,1,0,0,0,0,1,26.599999999999998,1
0.65,30.48,935.0,6840,26,0.0,0,1,57.0,0.650596491,1,0,0,0,0,1,0,0,0,0,1,37.050000000000004,1
0.75,2.9,1039.0,960,0,0.0,0,0,8.0,0.628333333,1,0,0,0,0,0,0,0,0,0,1,6.0,1
0.7,3.9,1039.0,960,0,0.0,0,0,8.0,0.625625,1,0,0,0,0,0,0,0,0,0,1,5.6,1
0.65,3.9,1039.0,960,0,0.0,0,0,8.0,0.625625,1,0,0,0,0,0,0,0,0,0,1,5.2,1
0.75,2.9,1039.0,1800,0,0.0,0,0,15.0,0.505888889,1,0,0,0,0,0,0,0,0,0,1,11.25,1
0.7,2.9,1039.0,720,0,0.0,0,0,6.0,0.394722222,1,0,0,0,0,0,0,0,0,0,1,4.199999999999999,1
